order_id,user_id,order_status,subtotal,tax,total_amount,created_at
ord_00001,usr_0015,CANCELLED,900.56,72.04,972.6,2026-09-07 06:49:00
ord_00002,usr_0056,PROCESSING,1852.49,148.2,2000.69,2026-09-09 04:57:00
ord_00003,usr_0091,CANCELLED,140.58,11.25,151.83,2026-09-11 06:18:00
ord_00004,usr_0093,PROCESSING,4037.46,323.0,4360.46,2026-09-05 19:46:00
ord_00005,usr_0039,REFUNDED,1796.52,143.72,1940.24,2026-09-12 21:07:00
ord_00006,usr_0017,REFUNDED,2915.37,233.23,3148.6,2026-09-05 16:56:00
ord_00007,usr_0071,COMPLETED,2372.13,189.77,2561.9,2026-09-01 08:23:00
ord_00008,usr_0057,REFUNDED,1852.52,148.2,2000.72,2026-09-06 04:52:00
ord_00009,usr_0043,REFUNDED,754.11,60.33,814.44,2026-09-03 11:10:00
ord_00010,usr_0004,PROCESSING,662.72,53.02,715.74,2026-09-02 09:24:00
ord_00011,usr_0090,PROCESSING,2182.89,174.63,2357.52,2026-09-10 01:52:00
ord_00012,usr_0090,COMPLETED,3105.16,248.41,3353.57,2026-09-13 03:02:00
ord_00013,usr_0057,CANCELLED,1123.33,89.87,1213.2,2026-09-12 19:50:00
ord_00014,usr_0082,REFUNDED,2409.62,192.77,2602.39,2026-09-07 15:36:00
ord_00015,usr_0043,COMPLETED,85.84,6.87,92.71,2026-09-08 14:46:00
ord_00016,usr_0020,PROCESSING,313.38,25.07,338.45,2026-09-06 05:00:00
ord_00017,usr_0008,PROCESSING,2974.76,237.98,3212.74,2026-09-06 01:07:00
ord_00018,usr_0039,CANCELLED,1817.8,145.42,1963.22,2026-09-10 05:09:00
ord_00019,usr_0056,PROCESSING,1494.24,119.54,1613.78,2026-09-12 09:23:00
ord_00020,usr_0022,CANCELLED,1038.18,83.05,1121.23,2026-09-11 23:25:00
ord_00021,usr_0073,REFUNDED,139.58,11.17,150.75,2026-09-01 22:58:00
ord_00022,usr_0060,COMPLETED,552.34,44.19,596.53,2026-09-05 11:24:00
ord_00023,usr_0042,COMPLETED,2048.49,163.88,2212.37,2026-09-09 00:29:00
ord_00024,usr_0029,COMPLETED,446.23,35.7,481.93,2026-09-02 21:38:00
ord_00025,usr_0020,PROCESSING,493.48,39.48,532.96,2026-09-06 18:26:00
ord_00026,usr_0033,CANCELLED,1273.23,101.86,1375.09,2026-09-09 17:37:00
ord_00027,usr_0100,COMPLETED,2205.58,176.45,2382.03,2026-09-05 01:36:00
ord_00028,usr_0026,COMPLETED,1817.75,145.42,1963.17,2026-09-03 01:40:00
ord_00029,usr_0073,CANCELLED,770.7,61.66,832.36,2026-09-02 06:35:00
ord_00030,usr_0044,PROCESSING,1281.38,102.51,1383.89,2026-09-01 15:04:00
ord_00031,usr_0067,PROCESSING,2351.7,188.14,2539.84,2026-09-07 11:40:00
ord_00032,usr_0097,COMPLETED,1457.71,116.62,1574.33,2026-09-11 21:57:00
ord_00033,usr_0077,CANCELLED,427.82,34.23,462.05,2026-09-07 15:02:00
ord_00034,usr_0031,CANCELLED,3245.56,259.64,3505.2,2026-09-10 14:07:00
ord_00035,usr_0003,COMPLETED,3272.75,261.82,3534.57,2026-09-03 10:59:00
ord_00036,usr_0071,PROCESSING,2017.26,161.38,2178.64,2026-09-13 10:07:00
ord_00037,usr_0033,REFUNDED,855.64,68.45,924.09,2026-09-06 14:04:00
ord_00038,usr_0016,COMPLETED,1054.92,84.39,1139.31,2026-09-13 12:49:00
ord_00039,usr_0025,COMPLETED,385.57,30.85,416.42,2026-09-08 01:57:00
ord_00040,usr_0006,REFUNDED,2267.05,181.36,2448.41,2026-09-02 13:56:00
ord_00041,usr_0074,PROCESSING,1346.56,107.72,1454.28,2026-09-07 19:27:00
ord_00042,usr_0010,COMPLETED,257.52,20.6,278.12,2026-09-14 11:17:00
ord_00043,usr_0032,CANCELLED,2894.34,231.55,3125.89,2026-09-04 00:51:00
ord_00044,usr_0076,CANCELLED,1968.57,157.49,2126.06,2026-09-11 02:21:00
ord_00045,usr_0081,REFUNDED,883.0,70.64,953.64,2026-09-06 03:24:00
ord_00046,usr_0021,PROCESSING,2687.0,214.96,2901.96,2026-09-01 09:37:00
ord_00047,usr_0059,COMPLETED,720.15,57.61,777.76,2026-09-02 23:02:00
ord_00048,usr_0070,COMPLETED,585.48,46.84,632.32,2026-09-06 10:56:00
ord_00049,usr_0096,PROCESSING,2203.88,176.31,2380.19,2026-09-14 07:01:00
ord_00050,usr_0070,COMPLETED,2481.93,198.55,2680.48,2026-09-12 13:50:00
ord_00051,usr_0087,REFUNDED,798.45,63.88,862.33,2026-09-14 10:18:00
ord_00052,usr_0006,CANCELLED,2224.87,177.99,2402.86,2026-09-05 07:50:00
ord_00053,usr_0012,PROCESSING,2046.73,163.74,2210.47,2026-09-12 00:51:00
ord_00054,usr_0064,CANCELLED,2362.34,188.99,2551.33,2026-09-07 21:34:00
ord_00055,usr_0066,PROCESSING,2118.14,169.45,2287.59,2026-09-01 08:47:00
ord_00056,usr_0035,COMPLETED,846.69,67.74,914.43,2026-09-13 20:06:00
ord_00057,usr_0078,COMPLETED,572.73,45.82,618.55,2026-09-06 18:51:00
ord_00058,usr_0015,REFUNDED,171.68,13.73,185.41,2026-09-11 20:10:00
ord_00059,usr_0092,PROCESSING,1990.57,159.25,2149.82,2026-09-07 23:33:00
ord_00060,usr_0077,COMPLETED,2026.54,162.12,2188.66,2026-09-12 21:44:00
ord_00061,usr_0001,CANCELLED,2305.8,184.46,2490.26,2026-09-07 18:38:00
ord_00062,usr_0062,CANCELLED,2472.15,197.77,2669.92,2026-09-09 04:39:00
ord_00063,usr_0090,COMPLETED,1556.4,124.51,1680.91,2026-09-06 18:35:00
ord_00064,usr_0084,COMPLETED,3055.01,244.4,3299.41,2026-09-04 19:14:00
ord_00065,usr_0093,REFUNDED,3194.52,255.56,3450.08,2026-09-04 14:53:00
ord_00066,usr_0084,REFUNDED,1980.48,158.44,2138.92,2026-09-03 04:01:00
ord_00067,usr_0070,COMPLETED,257.16,20.57,277.73,2026-09-02 03:46:00
ord_00068,usr_0096,COMPLETED,2542.62,203.41,2746.03,2026-09-03 09:31:00
ord_00069,usr_0042,COMPLETED,905.84,72.47,978.31,2026-09-02 14:48:00
ord_00070,usr_0023,CANCELLED,2034.37,162.75,2197.12,2026-09-03 03:17:00
ord_00071,usr_0033,REFUNDED,745.06,59.6,804.66,2026-09-11 19:09:00
ord_00072,usr_0010,CANCELLED,2024.59,161.97,2186.56,2026-09-11 09:24:00
ord_00073,usr_0039,PROCESSING,1935.84,154.87,2090.71,2026-09-05 20:57:00
ord_00074,usr_0085,COMPLETED,2207.88,176.63,2384.51,2026-09-10 08:19:00
ord_00075,usr_0037,COMPLETED,2082.67,166.61,2249.28,2026-09-06 13:50:00
ord_00076,usr_0013,PROCESSING,1438.37,115.07,1553.44,2026-09-02 05:41:00
ord_00077,usr_0096,COMPLETED,1492.89,119.43,1612.32,2026-09-10 19:05:00
ord_00078,usr_0022,COMPLETED,1861.65,148.93,2010.58,2026-09-07 04:30:00
ord_00079,usr_0072,PROCESSING,206.38,16.51,222.89,2026-09-09 15:55:00
ord_00080,usr_0048,REFUNDED,2283.12,182.65,2465.77,2026-09-07 07:20:00
ord_00081,usr_0042,REFUNDED,329.25,26.34,355.59,2026-09-06 09:03:00
ord_00082,usr_0039,COMPLETED,227.12,18.17,245.29,2026-09-10 15:09:00
ord_00083,usr_0015,CANCELLED,955.38,76.43,1031.81,2026-09-03 13:14:00
ord_00084,usr_0086,CANCELLED,2141.92,171.35,2313.27,2026-09-13 15:11:00
ord_00085,usr_0053,REFUNDED,129.69,10.38,140.07,2026-09-07 16:56:00
ord_00086,usr_0057,COMPLETED,976.14,78.09,1054.23,2026-09-11 11:01:00
ord_00087,usr_0051,COMPLETED,572.74,45.82,618.56,2026-09-07 14:50:00
ord_00088,usr_0043,CANCELLED,1500.55,120.04,1620.59,2026-09-06 21:11:00
ord_00089,usr_0027,COMPLETED,842.28,67.38,909.66,2026-09-14 16:24:00
ord_00090,usr_0019,COMPLETED,1536.96,122.96,1659.92,2026-09-04 07:09:00
ord_00091,usr_0042,COMPLETED,708.88,56.71,765.59,2026-09-01 16:47:00
ord_00092,usr_0009,COMPLETED,1130.96,90.48,1221.44,2026-09-12 04:15:00
ord_00093,usr_0083,PROCESSING,660.88,52.87,713.75,2026-09-02 01:10:00
ord_00094,usr_0092,COMPLETED,1405.5,112.44,1517.94,2026-09-11 10:24:00
ord_00095,usr_0017,PROCESSING,1582.75,126.62,1709.37,2026-09-07 14:21:00
ord_00096,usr_0090,PROCESSING,456.82,36.55,493.37,2026-09-03 22:39:00
ord_00097,usr_0054,PROCESSING,2290.0,183.2,2473.2,2026-09-03 12:05:00
ord_00098,usr_0012,PROCESSING,587.07,46.97,634.04,2026-09-03 06:47:00
ord_00099,usr_0017,CANCELLED,572.73,45.82,618.55,2026-09-14 00:01:00
ord_00100,usr_0043,COMPLETED,2251.7,180.14,2431.84,2026-09-04 02:55:00
ord_00101,usr_0065,REFUNDED,844.98,67.6,912.58,2026-09-06 04:21:00
ord_00102,usr_0072,COMPLETED,30.49,2.44,32.93,2026-09-09 16:54:00
ord_00103,usr_0072,CANCELLED,1388.97,111.12,1500.09,2026-09-14 00:13:00
ord_00104,usr_0035,COMPLETED,1703.4,136.27,1839.67,2026-09-01 23:58:00
ord_00105,usr_0019,COMPLETED,1361.13,108.89,1470.02,2026-09-14 05:27:00
ord_00106,usr_0059,COMPLETED,2384.37,190.75,2575.12,2026-09-09 02:20:00
ord_00107,usr_0020,REFUNDED,491.72,39.34,531.06,2026-09-04 22:08:00
ord_00108,usr_0057,CANCELLED,2793.74,223.5,3017.24,2026-09-10 23:44:00
ord_00109,usr_0056,REFUNDED,3285.6,262.85,3548.45,2026-09-03 20:43:00
ord_00110,usr_0006,CANCELLED,1614.9,129.19,1744.09,2026-09-06 08:35:00
ord_00111,usr_0038,COMPLETED,1249.11,99.93,1349.04,2026-09-08 19:21:00
ord_00112,usr_0017,CANCELLED,712.67,57.01,769.68,2026-09-09 23:48:00
ord_00113,usr_0051,COMPLETED,2925.31,234.02,3159.33,2026-09-02 07:16:00
ord_00114,usr_0015,COMPLETED,881.37,70.51,951.88,2026-09-10 13:22:00
ord_00115,usr_0089,PROCESSING,195.69,15.66,211.35,2026-09-09 13:47:00
ord_00116,usr_0052,PROCESSING,978.87,78.31,1057.18,2026-09-13 06:19:00
ord_00117,usr_0043,CANCELLED,85.72,6.86,92.58,2026-09-05 03:59:00
ord_00118,usr_0068,COMPLETED,827.09,66.17,893.26,2026-09-12 22:40:00
ord_00119,usr_0019,COMPLETED,1795.51,143.64,1939.15,2026-09-07 03:57:00
ord_00120,usr_0099,CANCELLED,2230.26,178.42,2408.68,2026-09-12 14:01:00
ord_00121,usr_0042,PROCESSING,1188.8,95.1,1283.9,2026-09-08 12:49:00
ord_00122,usr_0036,COMPLETED,74.09,5.93,80.02,2026-09-14 19:09:00
ord_00123,usr_0058,COMPLETED,163.94,13.12,177.06,2026-09-02 04:42:00
ord_00124,usr_0077,PROCESSING,2401.32,192.11,2593.43,2026-09-12 21:05:00
ord_00125,usr_0061,COMPLETED,1637.68,131.01,1768.69,2026-09-12 17:58:00
ord_00126,usr_0083,COMPLETED,481.26,38.5,519.76,2026-09-05 06:24:00
ord_00127,usr_0067,COMPLETED,811.72,64.94,876.66,2026-09-15 05:12:00
ord_00128,usr_0077,COMPLETED,1623.15,129.85,1753.0,2026-09-02 12:45:00
ord_00129,usr_0085,COMPLETED,1200.57,96.05,1296.62,2026-09-15 01:19:00
ord_00130,usr_0084,CANCELLED,1219.5,97.56,1317.06,2026-09-10 06:13:00
ord_00131,usr_0049,REFUNDED,2171.37,173.71,2345.08,2026-09-08 19:33:00
ord_00132,usr_0012,COMPLETED,1293.54,103.48,1397.02,2026-09-10 23:24:00
ord_00133,usr_0018,COMPLETED,587.07,46.97,634.04,2026-09-04 20:47:00
ord_00134,usr_0044,COMPLETED,2379.46,190.36,2569.82,2026-09-04 07:44:00
ord_00135,usr_0087,CANCELLED,1334.7,106.78,1441.48,2026-09-06 17:53:00
ord_00136,usr_0025,PROCESSING,1202.28,96.18,1298.46,2026-09-09 17:03:00
ord_00137,usr_0078,COMPLETED,1790.68,143.25,1933.93,2026-09-04 11:45:00
ord_00138,usr_0011,PROCESSING,895.35,71.63,966.98,2026-09-04 23:43:00
ord_00139,usr_0054,CANCELLED,828.51,66.28,894.79,2026-09-02 13:15:00
ord_00140,usr_0013,COMPLETED,1815.04,145.2,1960.24,2026-09-08 23:16:00
ord_00141,usr_0091,CANCELLED,1018.12,81.45,1099.57,2026-09-12 00:21:00
ord_00142,usr_0078,COMPLETED,2591.28,207.3,2798.58,2026-09-13 08:24:00
ord_00143,usr_0015,REFUNDED,222.27,17.78,240.05,2026-09-12 17:08:00
ord_00144,usr_0031,PROCESSING,510.49,40.84,551.33,2026-09-04 14:34:00
ord_00145,usr_0086,COMPLETED,1254.11,100.33,1354.44,2026-09-03 06:55:00
ord_00146,usr_0061,COMPLETED,3330.6,266.45,3597.05,2026-09-02 07:56:00
ord_00147,usr_0075,COMPLETED,1914.06,153.12,2067.18,2026-09-08 21:45:00
ord_00148,usr_0100,REFUNDED,2041.62,163.33,2204.95,2026-09-11 21:54:00
ord_00149,usr_0026,COMPLETED,1085.18,86.81,1171.99,2026-09-02 08:05:00
ord_00150,usr_0005,COMPLETED,1286.52,102.92,1389.44,2026-09-05 16:32:00
ord_00151,usr_0052,COMPLETED,1438.46,115.08,1553.54,2026-09-11 08:19:00
ord_00152,usr_0056,CANCELLED,523.57,41.89,565.46,2026-09-15 01:11:00
ord_00153,usr_0042,PROCESSING,1879.42,150.35,2029.77,2026-09-08 01:37:00
ord_00154,usr_0006,COMPLETED,1783.95,142.72,1926.67,2026-09-09 08:42:00
ord_00155,usr_0019,COMPLETED,2794.52,223.56,3018.08,2026-09-15 03:58:00
ord_00156,usr_0020,COMPLETED,734.55,58.76,793.31,2026-09-11 13:53:00
ord_00157,usr_0084,COMPLETED,515.44,41.24,556.68,2026-09-07 16:22:00
ord_00158,usr_0016,REFUNDED,1737.12,138.97,1876.09,2026-09-07 07:07:00
ord_00159,usr_0026,COMPLETED,624.7,49.98,674.68,2026-09-04 03:08:00
ord_00160,usr_0088,REFUNDED,1557.73,124.62,1682.35,2026-09-08 14:42:00
ord_00161,usr_0092,CANCELLED,1661.12,132.89,1794.01,2026-09-05 07:14:00
ord_00162,usr_0004,PROCESSING,1392.61,111.41,1504.02,2026-09-09 13:15:00
ord_00163,usr_0093,PROCESSING,1460.52,116.84,1577.36,2026-09-12 05:34:00
ord_00164,usr_0100,COMPLETED,918.38,73.47,991.85,2026-09-13 21:15:00
ord_00165,usr_0022,REFUNDED,1734.02,138.72,1872.74,2026-09-05 00:37:00
ord_00166,usr_0026,COMPLETED,2238.68,179.09,2417.77,2026-09-13 20:59:00
ord_00167,usr_0075,REFUNDED,2018.06,161.44,2179.5,2026-09-04 20:22:00
ord_00168,usr_0073,COMPLETED,681.36,54.51,735.87,2026-09-02 06:39:00
ord_00169,usr_0027,CANCELLED,2243.09,179.45,2422.54,2026-09-14 08:37:00
ord_00170,usr_0062,COMPLETED,1364.33,109.15,1473.48,2026-09-06 21:54:00
ord_00171,usr_0044,COMPLETED,843.9,67.51,911.41,2026-09-15 03:29:00
ord_00172,usr_0098,COMPLETED,892.46,71.4,963.86,2026-09-09 18:31:00
ord_00173,usr_0058,COMPLETED,1827.79,146.22,1974.01,2026-09-06 23:33:00
ord_00174,usr_0021,COMPLETED,1952.38,156.19,2108.57,2026-09-08 18:59:00
ord_00175,usr_0003,CANCELLED,1396.69,111.74,1508.43,2026-09-03 09:20:00
ord_00176,usr_0064,COMPLETED,1536.76,122.94,1659.7,2026-09-14 22:29:00
ord_00177,usr_0006,CANCELLED,190.91,15.27,206.18,2026-09-10 10:56:00
ord_00178,usr_0047,COMPLETED,2057.28,164.58,2221.86,2026-09-13 22:18:00
ord_00179,usr_0013,COMPLETED,2149.05,171.92,2320.97,2026-09-10 07:17:00
ord_00180,usr_0006,COMPLETED,481.26,38.5,519.76,2026-09-02 08:54:00
ord_00181,usr_0059,COMPLETED,1474.02,117.92,1591.94,2026-09-04 17:30:00
ord_00182,usr_0044,REFUNDED,1144.13,91.53,1235.66,2026-09-12 21:13:00
ord_00183,usr_0054,REFUNDED,2407.5,192.6,2600.1,2026-09-14 14:56:00
ord_00184,usr_0084,REFUNDED,1952.52,156.2,2108.72,2026-09-14 12:05:00
ord_00185,usr_0068,REFUNDED,537.7,43.02,580.72,2026-09-09 23:48:00
ord_00186,usr_0015,PROCESSING,937.0,74.96,1011.96,2026-09-05 16:21:00
ord_00187,usr_0089,CANCELLED,2400.24,192.02,2592.26,2026-09-05 23:31:00
ord_00188,usr_0067,REFUNDED,1989.14,159.13,2148.27,2026-09-06 01:24:00
ord_00189,usr_0069,REFUNDED,2435.24,194.82,2630.06,2026-09-09 03:07:00
ord_00190,usr_0079,COMPLETED,1124.74,89.98,1214.72,2026-09-12 08:35:00
ord_00191,usr_0037,COMPLETED,3196.33,255.71,3452.04,2026-09-06 01:22:00
ord_00192,usr_0045,COMPLETED,1413.86,113.11,1526.97,2026-09-04 16:09:00
ord_00193,usr_0062,CANCELLED,1505.69,120.46,1626.15,2026-09-06 05:01:00
ord_00194,usr_0018,COMPLETED,1779.23,142.34,1921.57,2026-09-03 19:49:00
ord_00195,usr_0013,REFUNDED,1133.34,90.67,1224.01,2026-09-10 17:53:00
ord_00196,usr_0021,PROCESSING,2719.08,217.53,2936.61,2026-09-10 14:23:00
ord_00197,usr_0074,COMPLETED,156.69,12.54,169.23,2026-09-06 14:59:00
ord_00198,usr_0051,REFUNDED,370.32,29.63,399.95,2026-09-12 14:42:00
ord_00199,usr_0073,COMPLETED,327.88,26.23,354.11,2026-09-15 01:21:00
ord_00200,usr_0065,COMPLETED,2000.02,160.0,2160.02,2026-09-11 23:46:00
ord_00201,usr_0024,COMPLETED,689.24,55.14,744.38,2026-09-01 15:51:00
ord_00202,usr_0055,COMPLETED,1922.89,153.83,2076.72,2026-09-13 01:34:00
ord_00203,usr_0001,COMPLETED,2772.64,221.81,2994.45,2026-09-07 06:35:00
ord_00204,usr_0047,REFUNDED,789.4,63.15,852.55,2026-09-06 17:13:00
ord_00205,usr_0040,REFUNDED,1158.99,92.72,1251.71,2026-09-04 23:23:00
ord_00206,usr_0048,COMPLETED,782.85,62.63,845.48,2026-09-06 08:46:00
ord_00207,usr_0090,CANCELLED,2794.85,223.59,3018.44,2026-09-13 20:07:00
ord_00208,usr_0058,COMPLETED,1603.5,128.28,1731.78,2026-09-13 08:37:00
ord_00209,usr_0042,COMPLETED,1656.61,132.53,1789.14,2026-09-13 04:20:00
ord_00210,usr_0017,PROCESSING,1333.97,106.72,1440.69,2026-09-13 00:28:00
ord_00211,usr_0001,COMPLETED,279.16,22.33,301.49,2026-09-06 07:10:00
ord_00212,usr_0008,COMPLETED,1527.33,122.19,1649.52,2026-09-02 21:51:00
ord_00213,usr_0049,PROCESSING,3370.31,269.62,3639.93,2026-09-11 13:07:00
ord_00214,usr_0051,REFUNDED,824.61,65.97,890.58,2026-09-13 08:59:00
ord_00215,usr_0039,CANCELLED,1574.72,125.98,1700.7,2026-09-11 21:01:00
ord_00216,usr_0093,REFUNDED,470.07,37.61,507.68,2026-09-03 21:47:00
ord_00217,usr_0099,COMPLETED,723.44,57.88,781.32,2026-09-01 16:42:00
ord_00218,usr_0087,REFUNDED,597.68,47.81,645.49,2026-09-02 10:45:00
ord_00219,usr_0070,COMPLETED,148.18,11.85,160.03,2026-09-06 06:49:00
ord_00220,usr_0094,CANCELLED,1827.39,146.19,1973.58,2026-09-14 10:47:00
ord_00221,usr_0085,PROCESSING,2151.5,172.12,2323.62,2026-09-13 04:50:00
ord_00222,usr_0087,COMPLETED,2613.66,209.09,2822.75,2026-09-11 01:28:00
ord_00223,usr_0039,CANCELLED,1135.28,90.82,1226.1,2026-09-09 21:45:00
ord_00224,usr_0091,COMPLETED,1408.37,112.67,1521.04,2026-09-04 15:00:00
ord_00225,usr_0043,COMPLETED,2746.69,219.74,2966.43,2026-09-03 03:20:00
ord_00226,usr_0010,PROCESSING,424.77,33.98,458.75,2026-09-05 14:55:00
ord_00227,usr_0095,COMPLETED,2013.75,161.1,2174.85,2026-09-04 00:14:00
ord_00228,usr_0060,COMPLETED,884.91,70.79,955.7,2026-09-13 11:36:00
ord_00229,usr_0041,COMPLETED,291.8,23.34,315.14,2026-09-05 23:06:00
ord_00230,usr_0071,COMPLETED,2304.89,184.39,2489.28,2026-09-14 15:07:00
ord_00231,usr_0098,PROCESSING,2218.85,177.51,2396.36,2026-09-12 11:01:00
ord_00232,usr_0083,COMPLETED,462.99,37.04,500.03,2026-09-02 16:14:00
ord_00233,usr_0018,REFUNDED,85.84,6.87,92.71,2026-09-06 14:33:00
ord_00234,usr_0028,COMPLETED,3568.5,285.48,3853.98,2026-09-12 20:21:00
ord_00235,usr_0069,COMPLETED,1335.24,106.82,1442.06,2026-09-13 21:26:00
ord_00236,usr_0023,CANCELLED,85.84,6.87,92.71,2026-09-03 18:36:00
ord_00237,usr_0025,COMPLETED,1684.9,134.79,1819.69,2026-09-13 07:40:00
ord_00238,usr_0029,REFUNDED,407.27,32.58,439.85,2026-09-08 03:59:00
ord_00239,usr_0012,PROCESSING,2484.1,198.73,2682.83,2026-09-10 13:30:00
ord_00240,usr_0056,CANCELLED,227.12,18.17,245.29,2026-09-08 21:05:00
ord_00241,usr_0028,COMPLETED,1571.03,125.68,1696.71,2026-09-14 05:42:00
ord_00242,usr_0041,CANCELLED,587.96,47.04,635.0,2026-09-01 16:43:00
ord_00243,usr_0039,CANCELLED,922.23,73.78,996.01,2026-09-05 00:53:00
ord_00244,usr_0050,CANCELLED,209.24,16.74,225.98,2026-09-04 12:35:00
ord_00245,usr_0007,COMPLETED,2891.14,231.29,3122.43,2026-09-03 13:30:00
ord_00246,usr_0035,COMPLETED,2545.27,203.62,2748.89,2026-09-11 14:13:00
ord_00247,usr_0099,REFUNDED,645.39,51.63,697.02,2026-09-08 01:28:00
ord_00248,usr_0049,COMPLETED,1287.51,103.0,1390.51,2026-09-04 20:25:00
ord_00249,usr_0012,PROCESSING,1408.32,112.67,1520.99,2026-09-05 14:30:00
ord_00250,usr_0077,COMPLETED,2486.7,198.94,2685.64,2026-09-08 17:20:00
ord_00251,usr_0049,COMPLETED,1068.95,85.52,1154.47,2026-09-05 04:44:00
ord_00252,usr_0056,COMPLETED,2223.11,177.85,2400.96,2026-09-07 14:52:00
ord_00253,usr_0014,COMPLETED,2543.48,203.48,2746.96,2026-09-04 10:09:00
ord_00254,usr_0084,COMPLETED,1759.12,140.73,1899.85,2026-09-14 20:47:00
ord_00255,usr_0023,COMPLETED,515.79,41.26,557.05,2026-09-10 09:39:00
ord_00256,usr_0036,COMPLETED,1603.6,128.29,1731.89,2026-09-10 06:45:00
ord_00257,usr_0060,COMPLETED,1411.5,112.92,1524.42,2026-09-06 02:39:00
ord_00258,usr_0085,PROCESSING,2560.2,204.82,2765.02,2026-09-04 20:20:00
ord_00259,usr_0005,COMPLETED,205.83,16.47,222.3,2026-09-09 12:31:00
ord_00260,usr_0083,COMPLETED,778.53,62.28,840.81,2026-09-02 08:21:00
ord_00261,usr_0048,REFUNDED,2126.74,170.14,2296.88,2026-09-10 05:46:00
ord_00262,usr_0038,COMPLETED,181.32,14.51,195.83,2026-09-10 19:20:00
ord_00263,usr_0044,CANCELLED,1360.8,108.86,1469.66,2026-09-11 16:50:00
ord_00264,usr_0057,COMPLETED,859.88,68.79,928.67,2026-09-11 15:15:00
ord_00265,usr_0022,CANCELLED,969.4,77.55,1046.95,2026-09-06 21:22:00
ord_00266,usr_0060,REFUNDED,1013.76,81.1,1094.86,2026-09-06 14:47:00
ord_00267,usr_0079,CANCELLED,1436.42,114.91,1551.33,2026-09-05 19:55:00
ord_00268,usr_0009,CANCELLED,76.0,6.08,82.08,2026-09-14 11:28:00
ord_00269,usr_0042,COMPLETED,3049.42,243.95,3293.37,2026-09-05 19:47:00
ord_00270,usr_0015,PROCESSING,2532.6,202.61,2735.21,2026-09-09 06:10:00
ord_00271,usr_0018,COMPLETED,326.29,26.1,352.39,2026-09-08 11:12:00
ord_00272,usr_0089,PROCESSING,1793.87,143.51,1937.38,2026-09-04 13:22:00
ord_00273,usr_0022,COMPLETED,1505.6,120.45,1626.05,2026-09-12 11:34:00
ord_00274,usr_0018,CANCELLED,2265.42,181.23,2446.65,2026-09-05 18:43:00
ord_00275,usr_0057,COMPLETED,514.26,41.14,555.4,2026-09-12 11:03:00
ord_00276,usr_0036,COMPLETED,914.79,73.18,987.97,2026-09-06 10:57:00
ord_00277,usr_0015,CANCELLED,2365.4,189.23,2554.63,2026-09-07 10:28:00
ord_00278,usr_0028,REFUNDED,407.27,32.58,439.85,2026-09-11 00:21:00
ord_00279,usr_0039,COMPLETED,636.93,50.95,687.88,2026-09-02 01:46:00
ord_00280,usr_0091,CANCELLED,417.18,33.37,450.55,2026-09-11 02:00:00
ord_00281,usr_0073,CANCELLED,1780.24,142.42,1922.66,2026-09-09 07:45:00
ord_00282,usr_0074,COMPLETED,967.54,77.4,1044.94,2026-09-07 10:10:00
ord_00283,usr_0084,COMPLETED,726.02,58.08,784.1,2026-09-04 05:27:00
ord_00284,usr_0019,REFUNDED,542.54,43.4,585.94,2026-09-14 11:31:00
ord_00285,usr_0052,REFUNDED,1578.49,126.28,1704.77,2026-09-13 01:45:00
ord_00286,usr_0100,REFUNDED,1721.11,137.69,1858.8,2026-09-03 11:02:00
ord_00287,usr_0028,COMPLETED,2004.43,160.35,2164.78,2026-09-12 14:20:00
ord_00288,usr_0044,COMPLETED,171.44,13.72,185.16,2026-09-02 10:36:00
ord_00289,usr_0021,COMPLETED,1895.32,151.63,2046.95,2026-09-11 09:10:00
ord_00290,usr_0047,COMPLETED,1388.97,111.12,1500.09,2026-09-07 00:54:00
ord_00291,usr_0051,PROCESSING,647.9,51.83,699.73,2026-09-08 07:00:00
ord_00292,usr_0062,CANCELLED,1762.86,141.03,1903.89,2026-09-03 02:43:00
ord_00293,usr_0002,COMPLETED,1533.86,122.71,1656.57,2026-09-01 12:34:00
ord_00294,usr_0094,COMPLETED,259.38,20.75,280.13,2026-09-03 16:06:00
ord_00295,usr_0100,COMPLETED,1150.5,92.04,1242.54,2026-09-04 08:52:00
ord_00296,usr_0045,PROCESSING,1473.1,117.85,1590.95,2026-09-06 04:31:00
ord_00297,usr_0018,COMPLETED,1691.41,135.31,1826.72,2026-09-04 03:25:00
ord_00298,usr_0089,COMPLETED,1124.26,89.94,1214.2,2026-09-01 22:48:00
ord_00299,usr_0007,PROCESSING,2268.32,181.47,2449.79,2026-09-06 18:52:00
ord_00300,usr_0017,COMPLETED,861.85,68.95,930.8,2026-09-10 03:25:00
