item_id,order_id,product_id,quantity,unit_price,line_total
itm_000001,ord_00001,prd_017,1,313.49,313.49
itm_000002,ord_00001,prd_007,3,195.69,587.07
itm_000003,ord_00002,prd_039,3,344.2,1032.6
itm_000004,ord_00002,prd_008,2,394.7,789.4
itm_000005,ord_00002,prd_037,1,30.49,30.49
itm_000006,ord_00003,prd_035,3,46.86,140.58
itm_000007,ord_00004,prd_005,3,379.24,1137.72
itm_000008,ord_00004,prd_022,3,498.08,1494.24
itm_000009,ord_00004,prd_021,3,468.5,1405.5
itm_000010,ord_00005,prd_027,2,156.69,313.38
itm_000011,ord_00005,prd_026,3,330.44,991.32
itm_000012,ord_00005,prd_019,3,163.94,491.82
itm_000013,ord_00006,prd_025,3,276.17,828.51
itm_000014,ord_00006,prd_048,1,104.62,104.62
itm_000015,ord_00006,prd_040,3,443.22,1329.66
itm_000016,ord_00006,prd_020,2,326.29,652.58
itm_000017,ord_00007,prd_014,2,49.24,98.48
itm_000018,ord_00007,prd_038,3,486.37,1459.11
itm_000019,ord_00007,prd_042,2,407.27,814.54
itm_000020,ord_00008,prd_011,3,293.79,881.37
itm_000021,ord_00008,prd_006,2,245.86,491.72
itm_000022,ord_00008,prd_033,3,74.09,222.27
itm_000023,ord_00008,prd_041,3,85.72,257.16
itm_000024,ord_00009,prd_020,1,326.29,326.29
itm_000025,ord_00009,prd_013,1,427.82,427.82
itm_000026,ord_00010,prd_040,1,443.22,443.22
itm_000027,ord_00010,prd_030,2,109.75,219.5
itm_000028,ord_00011,prd_016,1,446.23,446.23
itm_000029,ord_00011,prd_042,3,407.27,1221.81
itm_000030,ord_00011,prd_001,1,103.19,103.19
itm_000031,ord_00011,prd_050,2,205.83,411.66
itm_000032,ord_00012,prd_036,1,190.91,190.91
itm_000033,ord_00012,prd_008,2,394.7,789.4
itm_000034,ord_00012,prd_009,2,367.94,735.88
itm_000035,ord_00012,prd_043,3,462.99,1388.97
itm_000036,ord_00013,prd_029,1,143.44,143.44
itm_000037,ord_00013,prd_048,2,104.62,209.24
itm_000038,ord_00013,prd_029,2,143.44,286.88
itm_000039,ord_00013,prd_049,1,483.77,483.77
itm_000040,ord_00014,prd_016,2,446.23,892.46
itm_000041,ord_00014,prd_029,1,143.44,143.44
itm_000042,ord_00014,prd_046,2,240.63,481.26
itm_000043,ord_00014,prd_016,2,446.23,892.46
itm_000044,ord_00015,prd_010,1,85.84,85.84
itm_000045,ord_00016,prd_027,2,156.69,313.38
itm_000046,ord_00017,prd_050,3,205.83,617.49
itm_000047,ord_00017,prd_045,1,353.62,353.62
itm_000048,ord_00017,prd_049,3,483.77,1451.31
itm_000049,ord_00017,prd_025,2,276.17,552.34
itm_000050,ord_00018,prd_048,3,104.62,313.86
itm_000051,ord_00018,prd_035,3,46.86,140.58
itm_000052,ord_00018,prd_015,2,340.84,681.68
itm_000053,ord_00018,prd_015,2,340.84,681.68
itm_000054,ord_00019,prd_022,3,498.08,1494.24
itm_000055,ord_00020,prd_035,1,46.86,46.86
itm_000056,ord_00020,prd_026,3,330.44,991.32
itm_000057,ord_00021,prd_028,1,139.58,139.58
itm_000058,ord_00022,prd_025,2,276.17,552.34
itm_000059,ord_00023,prd_049,2,483.77,967.54
itm_000060,ord_00023,prd_017,1,313.49,313.49
itm_000061,ord_00023,prd_031,1,453.6,453.6
itm_000062,ord_00023,prd_048,3,104.62,313.86
itm_000063,ord_00024,prd_016,1,446.23,446.23
itm_000064,ord_00025,prd_043,1,462.99,462.99
itm_000065,ord_00025,prd_037,1,30.49,30.49
itm_000066,ord_00026,prd_039,3,344.2,1032.6
itm_000067,ord_00026,prd_046,1,240.63,240.63
itm_000068,ord_00027,prd_038,1,486.37,486.37
itm_000069,ord_00027,prd_020,3,326.29,978.87
itm_000070,ord_00027,prd_044,2,370.17,740.34
itm_000071,ord_00028,prd_045,2,353.62,707.24
itm_000072,ord_00028,prd_044,3,370.17,1110.51
itm_000073,ord_00029,prd_028,3,139.58,418.74
itm_000074,ord_00029,prd_024,1,129.69,129.69
itm_000075,ord_00029,prd_033,3,74.09,222.27
itm_000076,ord_00030,prd_007,2,195.69,391.38
itm_000077,ord_00030,prd_024,3,129.69,389.07
itm_000078,ord_00030,prd_030,3,109.75,329.25
itm_000079,ord_00030,prd_010,2,85.84,171.68
itm_000080,ord_00031,prd_028,3,139.58,418.74
itm_000081,ord_00031,prd_038,2,486.37,972.74
itm_000082,ord_00031,prd_021,1,468.5,468.5
itm_000083,ord_00031,prd_006,2,245.86,491.72
itm_000084,ord_00032,prd_002,2,146.48,292.96
itm_000085,ord_00032,prd_021,1,468.5,468.5
itm_000086,ord_00032,prd_032,1,416.37,416.37
itm_000087,ord_00032,prd_023,2,139.94,279.88
itm_000088,ord_00033,prd_013,1,427.82,427.82
itm_000089,ord_00034,prd_049,1,483.77,483.77
itm_000090,ord_00034,prd_045,2,353.62,707.24
itm_000091,ord_00034,prd_042,3,407.27,1221.81
itm_000092,ord_00034,prd_032,2,416.37,832.74
itm_000093,ord_00035,prd_026,3,330.44,991.32
itm_000094,ord_00035,prd_016,2,446.23,892.46
itm_000095,ord_00035,prd_043,3,462.99,1388.97
itm_000096,ord_00036,prd_048,3,104.62,313.86
itm_000097,ord_00036,prd_022,2,498.08,996.16
itm_000098,ord_00036,prd_045,2,353.62,707.24
itm_000099,ord_00037,prd_013,2,427.82,855.64
itm_000100,ord_00038,prd_014,3,49.24,147.72
itm_000101,ord_00038,prd_031,2,453.6,907.2
itm_000102,ord_00039,prd_012,2,38.0,76.0
itm_000103,ord_00039,prd_001,3,103.19,309.57
itm_000104,ord_00040,prd_009,3,367.94,1103.82
itm_000105,ord_00040,prd_049,2,483.77,967.54
itm_000106,ord_00040,prd_007,1,195.69,195.69
itm_000107,ord_00041,prd_029,2,143.44,286.88
itm_000108,ord_00041,prd_012,1,38.0,38.0
itm_000109,ord_00041,prd_017,2,313.49,626.98
itm_000110,ord_00041,prd_008,1,394.7,394.7
itm_000111,ord_00042,prd_010,3,85.84,257.52
itm_000112,ord_00043,prd_039,3,344.2,1032.6
itm_000113,ord_00043,prd_015,3,340.84,1022.52
itm_000114,ord_00043,prd_025,2,276.17,552.34
itm_000115,ord_00043,prd_029,2,143.44,286.88
itm_000116,ord_00044,prd_040,1,443.22,443.22
itm_000117,ord_00044,prd_040,3,443.22,1329.66
itm_000118,ord_00044,prd_007,1,195.69,195.69
itm_000119,ord_00045,prd_006,1,245.86,245.86
itm_000120,ord_00045,prd_016,1,446.23,446.23
itm_000121,ord_00045,prd_036,1,190.91,190.91
itm_000122,ord_00046,prd_045,3,353.62,1060.86
itm_000123,ord_00046,prd_031,2,453.6,907.2
itm_000124,ord_00046,prd_003,1,227.12,227.12
itm_000125,ord_00046,prd_019,3,163.94,491.82
itm_000126,ord_00047,prd_041,3,85.72,257.16
itm_000127,ord_00047,prd_043,1,462.99,462.99
itm_000128,ord_00048,prd_010,1,85.84,85.84
itm_000129,ord_00048,prd_004,1,499.64,499.64
itm_000130,ord_00049,prd_008,2,394.7,789.4
itm_000131,ord_00049,prd_045,2,353.62,707.24
itm_000132,ord_00049,prd_045,2,353.62,707.24
itm_000133,ord_00050,prd_039,1,344.2,344.2
itm_000134,ord_00050,prd_028,3,139.58,418.74
itm_000135,ord_00050,prd_021,3,468.5,1405.5
itm_000136,ord_00050,prd_017,1,313.49,313.49
itm_000137,ord_00051,prd_018,3,266.15,798.45
itm_000138,ord_00052,prd_042,2,407.27,814.54
itm_000139,ord_00052,prd_018,1,266.15,266.15
itm_000140,ord_00052,prd_038,2,486.37,972.74
itm_000141,ord_00052,prd_041,2,85.72,171.44
itm_000142,ord_00053,prd_022,2,498.08,996.16
itm_000143,ord_00053,prd_043,1,462.99,462.99
itm_000144,ord_00053,prd_011,2,293.79,587.58
itm_000145,ord_00054,prd_003,2,227.12,454.24
itm_000146,ord_00054,prd_006,2,245.86,491.72
itm_000147,ord_00054,prd_017,2,313.49,626.98
itm_000148,ord_00054,prd_008,2,394.7,789.4
itm_000149,ord_00055,prd_004,1,499.64,499.64
itm_000150,ord_00055,prd_034,2,280.31,560.62
itm_000151,ord_00055,prd_040,2,443.22,886.44
itm_000152,ord_00055,prd_041,2,85.72,171.44
itm_000153,ord_00056,prd_029,3,143.44,430.32
itm_000154,ord_00056,prd_032,1,416.37,416.37
itm_000155,ord_00057,prd_036,1,190.91,190.91
itm_000156,ord_00057,prd_036,2,190.91,381.82
itm_000157,ord_00058,prd_010,2,85.84,171.68
itm_000158,ord_00059,prd_031,2,453.6,907.2
itm_000159,ord_00059,prd_016,2,446.23,892.46
itm_000160,ord_00059,prd_036,1,190.91,190.91
itm_000161,ord_00060,prd_018,2,266.15,532.3
itm_000162,ord_00060,prd_022,3,498.08,1494.24
itm_000163,ord_00061,prd_038,3,486.37,1459.11
itm_000164,ord_00061,prd_032,1,416.37,416.37
itm_000165,ord_00061,prd_029,3,143.44,430.32
itm_000166,ord_00062,prd_049,3,483.77,1451.31
itm_000167,ord_00062,prd_025,2,276.17,552.34
itm_000168,ord_00062,prd_021,1,468.5,468.5
itm_000169,ord_00063,prd_050,2,205.83,411.66
itm_000170,ord_00063,prd_003,2,227.12,454.24
itm_000171,ord_00063,prd_048,2,104.62,209.24
itm_000172,ord_00063,prd_046,2,240.63,481.26
itm_000173,ord_00064,prd_009,3,367.94,1103.82
itm_000174,ord_00064,prd_038,2,486.37,972.74
itm_000175,ord_00064,prd_007,2,195.69,391.38
itm_000176,ord_00064,prd_007,3,195.69,587.07
itm_000177,ord_00065,prd_010,1,85.84,85.84
itm_000178,ord_00065,prd_031,2,453.6,907.2
itm_000179,ord_00065,prd_022,3,498.08,1494.24
itm_000180,ord_00065,prd_045,2,353.62,707.24
itm_000181,ord_00066,prd_035,2,46.86,93.72
itm_000182,ord_00066,prd_021,3,468.5,1405.5
itm_000183,ord_00066,prd_046,2,240.63,481.26
itm_000184,ord_00067,prd_041,3,85.72,257.16
itm_000185,ord_00068,prd_049,3,483.77,1451.31
itm_000186,ord_00068,prd_046,1,240.63,240.63
itm_000187,ord_00068,prd_029,1,143.44,143.44
itm_000188,ord_00068,prd_045,2,353.62,707.24
itm_000189,ord_00069,prd_024,2,129.69,259.38
itm_000190,ord_00069,prd_010,1,85.84,85.84
itm_000191,ord_00069,prd_034,2,280.31,560.62
itm_000192,ord_00070,prd_044,1,370.17,370.17
itm_000193,ord_00070,prd_032,3,416.37,1249.11
itm_000194,ord_00070,prd_010,1,85.84,85.84
itm_000195,ord_00070,prd_030,3,109.75,329.25
itm_000196,ord_00071,prd_001,2,103.19,206.38
itm_000197,ord_00071,prd_019,3,163.94,491.82
itm_000198,ord_00071,prd_035,1,46.86,46.86
itm_000199,ord_00072,prd_020,3,326.29,978.87
itm_000200,ord_00072,prd_028,3,139.58,418.74
itm_000201,ord_00072,prd_017,2,313.49,626.98
itm_000202,ord_00073,prd_007,1,195.69,195.69
itm_000203,ord_00073,prd_025,3,276.17,828.51
itm_000204,ord_00073,prd_023,3,139.94,419.82
itm_000205,ord_00073,prd_019,3,163.94,491.82
itm_000206,ord_00074,prd_037,3,30.49,91.47
itm_000207,ord_00074,prd_050,3,205.83,617.49
itm_000208,ord_00074,prd_004,3,499.64,1498.92
itm_000209,ord_00075,prd_041,1,85.72,85.72
itm_000210,ord_00075,prd_040,2,443.22,886.44
itm_000211,ord_00075,prd_044,3,370.17,1110.51
itm_000212,ord_00076,prd_003,3,227.12,681.36
itm_000213,ord_00076,prd_024,3,129.69,389.07
itm_000214,ord_00076,prd_009,1,367.94,367.94
itm_000215,ord_00077,prd_009,3,367.94,1103.82
itm_000216,ord_00077,prd_024,3,129.69,389.07
itm_000217,ord_00078,prd_048,2,104.62,209.24
itm_000218,ord_00078,prd_008,2,394.7,789.4
itm_000219,ord_00078,prd_005,1,379.24,379.24
itm_000220,ord_00078,prd_049,1,483.77,483.77
itm_000221,ord_00079,prd_001,2,103.19,206.38
itm_000222,ord_00080,prd_024,1,129.69,129.69
itm_000223,ord_00080,prd_044,1,370.17,370.17
itm_000224,ord_00080,prd_031,1,453.6,453.6
itm_000225,ord_00080,prd_040,3,443.22,1329.66
itm_000226,ord_00081,prd_030,3,109.75,329.25
itm_000227,ord_00082,prd_003,1,227.12,227.12
itm_000228,ord_00083,prd_009,2,367.94,735.88
itm_000229,ord_00083,prd_030,2,109.75,219.5
itm_000230,ord_00084,prd_048,3,104.62,313.86
itm_000231,ord_00084,prd_010,2,85.84,171.68
itm_000232,ord_00084,prd_042,1,407.27,407.27
itm_000233,ord_00084,prd_032,3,416.37,1249.11
itm_000234,ord_00085,prd_024,1,129.69,129.69
itm_000235,ord_00086,prd_007,3,195.69,587.07
itm_000236,ord_00086,prd_024,3,129.69,389.07
itm_000237,ord_00087,prd_030,1,109.75,109.75
itm_000238,ord_00087,prd_043,1,462.99,462.99
itm_000239,ord_00088,prd_014,1,49.24,49.24
itm_000240,ord_00088,prd_049,3,483.77,1451.31
itm_000241,ord_00089,prd_022,1,498.08,498.08
itm_000242,ord_00089,prd_039,1,344.2,344.2
itm_000243,ord_00090,prd_008,3,394.7,1184.1
itm_000244,ord_00090,prd_002,1,146.48,146.48
itm_000245,ord_00090,prd_001,2,103.19,206.38
itm_000246,ord_00091,prd_004,1,499.64,499.64
itm_000247,ord_00091,prd_048,2,104.62,209.24
itm_000248,ord_00092,prd_033,3,74.09,222.27
itm_000249,ord_00092,prd_007,2,195.69,391.38
itm_000250,ord_00092,prd_033,1,74.09,74.09
itm_000251,ord_00092,prd_040,1,443.22,443.22
itm_000252,ord_00093,prd_026,2,330.44,660.88
itm_000253,ord_00094,prd_021,3,468.5,1405.5
itm_000254,ord_00095,prd_039,3,344.2,1032.6
itm_000255,ord_00095,prd_019,2,163.94,327.88
itm_000256,ord_00095,prd_033,3,74.09,222.27
itm_000257,ord_00096,prd_029,1,143.44,143.44
itm_000258,ord_00096,prd_027,2,156.69,313.38
itm_000259,ord_00097,prd_021,3,468.5,1405.5
itm_000260,ord_00097,prd_017,2,313.49,626.98
itm_000261,ord_00097,prd_010,3,85.84,257.52
itm_000262,ord_00098,prd_007,3,195.69,587.07
itm_000263,ord_00099,prd_036,3,190.91,572.73
itm_000264,ord_00100,prd_043,2,462.99,925.98
itm_000265,ord_00100,prd_047,1,181.32,181.32
itm_000266,ord_00100,prd_019,3,163.94,491.82
itm_000267,ord_00100,prd_020,2,326.29,652.58
itm_000268,ord_00101,prd_031,1,453.6,453.6
itm_000269,ord_00101,prd_007,2,195.69,391.38
itm_000270,ord_00102,prd_037,1,30.49,30.49
itm_000271,ord_00103,prd_043,3,462.99,1388.97
itm_000272,ord_00104,prd_045,2,353.62,707.24
itm_000273,ord_00104,prd_022,2,498.08,996.16
itm_000274,ord_00105,prd_010,3,85.84,257.52
itm_000275,ord_00105,prd_041,1,85.72,85.72
itm_000276,ord_00105,prd_006,3,245.86,737.58
itm_000277,ord_00105,prd_034,1,280.31,280.31
itm_000278,ord_00106,prd_020,3,326.29,978.87
itm_000279,ord_00106,prd_021,3,468.5,1405.5
itm_000280,ord_00107,prd_006,2,245.86,491.72
itm_000281,ord_00108,prd_029,2,143.44,286.88
itm_000282,ord_00108,prd_018,1,266.15,266.15
itm_000283,ord_00108,prd_049,3,483.77,1451.31
itm_000284,ord_00108,prd_008,2,394.7,789.4
itm_000285,ord_00109,prd_044,3,370.17,1110.51
itm_000286,ord_00109,prd_032,3,416.37,1249.11
itm_000287,ord_00109,prd_043,2,462.99,925.98
itm_000288,ord_00110,prd_004,1,499.64,499.64
itm_000289,ord_00110,prd_014,2,49.24,98.48
itm_000290,ord_00110,prd_014,1,49.24,49.24
itm_000291,ord_00110,prd_049,2,483.77,967.54
itm_000292,ord_00111,prd_032,3,416.37,1249.11
itm_000293,ord_00112,prd_036,3,190.91,572.73
itm_000294,ord_00112,prd_023,1,139.94,139.94
itm_000295,ord_00113,prd_030,1,109.75,109.75
itm_000296,ord_00113,prd_021,3,468.5,1405.5
itm_000297,ord_00113,prd_028,3,139.58,418.74
itm_000298,ord_00113,prd_026,3,330.44,991.32
itm_000299,ord_00114,prd_011,3,293.79,881.37
itm_000300,ord_00115,prd_007,1,195.69,195.69
itm_000301,ord_00116,prd_020,3,326.29,978.87
itm_000302,ord_00117,prd_041,1,85.72,85.72
itm_000303,ord_00118,prd_023,3,139.94,419.82
itm_000304,ord_00118,prd_042,1,407.27,407.27
itm_000305,ord_00119,prd_039,1,344.2,344.2
itm_000306,ord_00119,prd_049,3,483.77,1451.31
itm_000307,ord_00120,prd_049,3,483.77,1451.31
itm_000308,ord_00120,prd_029,3,143.44,430.32
itm_000309,ord_00120,prd_037,3,30.49,91.47
itm_000310,ord_00120,prd_041,3,85.72,257.16
itm_000311,ord_00121,prd_005,2,379.24,758.48
itm_000312,ord_00121,prd_029,3,143.44,430.32
itm_000313,ord_00122,prd_033,1,74.09,74.09
itm_000314,ord_00123,prd_019,1,163.94,163.94
itm_000315,ord_00124,prd_038,3,486.37,1459.11
itm_000316,ord_00124,prd_048,1,104.62,104.62
itm_000317,ord_00124,prd_029,3,143.44,430.32
itm_000318,ord_00124,prd_042,1,407.27,407.27
itm_000319,ord_00125,prd_029,1,143.44,143.44
itm_000320,ord_00125,prd_022,3,498.08,1494.24
itm_000321,ord_00126,prd_046,2,240.63,481.26
itm_000322,ord_00127,prd_024,2,129.69,259.38
itm_000323,ord_00127,prd_025,2,276.17,552.34
itm_000324,ord_00128,prd_022,1,498.08,498.08
itm_000325,ord_00128,prd_036,3,190.91,572.73
itm_000326,ord_00128,prd_025,2,276.17,552.34
itm_000327,ord_00129,prd_006,3,245.86,737.58
itm_000328,ord_00129,prd_043,1,462.99,462.99
itm_000329,ord_00130,prd_046,1,240.63,240.63
itm_000330,ord_00130,prd_020,3,326.29,978.87
itm_000331,ord_00131,prd_045,3,353.62,1060.86
itm_000332,ord_00131,prd_044,3,370.17,1110.51
itm_000333,ord_00132,prd_024,2,129.69,259.38
itm_000334,ord_00132,prd_012,1,38.0,38.0
itm_000335,ord_00132,prd_022,2,498.08,996.16
itm_000336,ord_00133,prd_007,3,195.69,587.07
itm_000337,ord_00134,prd_011,1,293.79,293.79
itm_000338,ord_00134,prd_045,3,353.62,1060.86
itm_000339,ord_00134,prd_011,3,293.79,881.37
itm_000340,ord_00134,prd_029,1,143.44,143.44
itm_000341,ord_00135,prd_019,3,163.94,491.82
itm_000342,ord_00135,prd_029,1,143.44,143.44
itm_000343,ord_00135,prd_035,1,46.86,46.86
itm_000344,ord_00135,prd_020,2,326.29,652.58
itm_000345,ord_00136,prd_050,2,205.83,411.66
itm_000346,ord_00136,prd_050,2,205.83,411.66
itm_000347,ord_00136,prd_033,3,74.09,222.27
itm_000348,ord_00136,prd_027,1,156.69,156.69
itm_000349,ord_00137,prd_042,2,407.27,814.54
itm_000350,ord_00137,prd_024,3,129.69,389.07
itm_000351,ord_00137,prd_007,3,195.69,587.07
itm_000352,ord_00138,prd_033,1,74.09,74.09
itm_000353,ord_00138,prd_028,1,139.58,139.58
itm_000354,ord_00138,prd_015,2,340.84,681.68
itm_000355,ord_00139,prd_024,1,129.69,129.69
itm_000356,ord_00139,prd_025,1,276.17,276.17
itm_000357,ord_00139,prd_024,1,129.69,129.69
itm_000358,ord_00139,prd_002,2,146.48,292.96
itm_000359,ord_00140,prd_003,2,227.12,454.24
itm_000360,ord_00140,prd_031,3,453.6,1360.8
itm_000361,ord_00141,prd_001,1,103.19,103.19
itm_000362,ord_00141,prd_002,2,146.48,292.96
itm_000363,ord_00141,prd_014,1,49.24,49.24
itm_000364,ord_00141,prd_036,3,190.91,572.73
itm_000365,ord_00142,prd_050,2,205.83,411.66
itm_000366,ord_00142,prd_016,2,446.23,892.46
itm_000367,ord_00142,prd_008,1,394.7,394.7
itm_000368,ord_00142,prd_016,2,446.23,892.46
itm_000369,ord_00143,prd_033,3,74.09,222.27
itm_000370,ord_00144,prd_001,3,103.19,309.57
itm_000371,ord_00144,prd_023,1,139.94,139.94
itm_000372,ord_00144,prd_037,2,30.49,60.98
itm_000373,ord_00145,prd_034,3,280.31,840.93
itm_000374,ord_00145,prd_033,3,74.09,222.27
itm_000375,ord_00145,prd_036,1,190.91,190.91
itm_000376,ord_00146,prd_017,3,313.49,940.47
itm_000377,ord_00146,prd_002,2,146.48,292.96
itm_000378,ord_00146,prd_005,2,379.24,758.48
itm_000379,ord_00146,prd_016,3,446.23,1338.69
itm_000380,ord_00147,prd_023,3,139.94,419.82
itm_000381,ord_00147,prd_022,3,498.08,1494.24
itm_000382,ord_00148,prd_012,1,38.0,38.0
itm_000383,ord_00148,prd_005,3,379.24,1137.72
itm_000384,ord_00148,prd_050,2,205.83,411.66
itm_000385,ord_00148,prd_003,2,227.12,454.24
itm_000386,ord_00149,prd_021,2,468.5,937.0
itm_000387,ord_00149,prd_033,2,74.09,148.18
itm_000388,ord_00150,prd_050,1,205.83,205.83
itm_000389,ord_00150,prd_042,2,407.27,814.54
itm_000390,ord_00150,prd_018,1,266.15,266.15
itm_000391,ord_00151,prd_012,2,38.0,76.0
itm_000392,ord_00151,prd_045,2,353.62,707.24
itm_000393,ord_00151,prd_024,3,129.69,389.07
itm_000394,ord_00151,prd_018,1,266.15,266.15
itm_000395,ord_00152,prd_019,2,163.94,327.88
itm_000396,ord_00152,prd_007,1,195.69,195.69
itm_000397,ord_00153,prd_039,3,344.2,1032.6
itm_000398,ord_00153,prd_028,1,139.58,139.58
itm_000399,ord_00153,prd_045,2,353.62,707.24
itm_000400,ord_00154,prd_041,1,85.72,85.72
itm_000401,ord_00154,prd_005,3,379.24,1137.72
itm_000402,ord_00154,prd_041,2,85.72,171.44
itm_000403,ord_00154,prd_024,3,129.69,389.07
itm_000404,ord_00155,prd_009,1,367.94,367.94
itm_000405,ord_00155,prd_016,3,446.23,1338.69
itm_000406,ord_00155,prd_024,2,129.69,259.38
itm_000407,ord_00155,prd_025,3,276.17,828.51
itm_000408,ord_00156,prd_029,1,143.44,143.44
itm_000409,ord_00156,prd_037,1,30.49,30.49
itm_000410,ord_00156,prd_034,2,280.31,560.62
itm_000411,ord_00157,prd_002,3,146.48,439.44
itm_000412,ord_00157,prd_012,2,38.0,76.0
itm_000413,ord_00158,prd_029,1,143.44,143.44
itm_000414,ord_00158,prd_040,2,443.22,886.44
itm_000415,ord_00158,prd_045,2,353.62,707.24
itm_000416,ord_00159,prd_029,1,143.44,143.44
itm_000417,ord_00159,prd_046,2,240.63,481.26
itm_000418,ord_00160,prd_005,3,379.24,1137.72
itm_000419,ord_00160,prd_035,2,46.86,93.72
itm_000420,ord_00160,prd_020,1,326.29,326.29
itm_000421,ord_00161,prd_015,1,340.84,340.84
itm_000422,ord_00161,prd_013,1,427.82,427.82
itm_000423,ord_00161,prd_016,2,446.23,892.46
itm_000424,ord_00162,prd_036,1,190.91,190.91
itm_000425,ord_00162,prd_040,1,443.22,443.22
itm_000426,ord_00162,prd_005,2,379.24,758.48
itm_000427,ord_00163,prd_037,1,30.49,30.49
itm_000428,ord_00163,prd_009,2,367.94,735.88
itm_000429,ord_00163,prd_042,1,407.27,407.27
itm_000430,ord_00163,prd_029,2,143.44,286.88
itm_000431,ord_00164,prd_028,3,139.58,418.74
itm_000432,ord_00164,prd_004,1,499.64,499.64
itm_000433,ord_00165,prd_015,2,340.84,681.68
itm_000434,ord_00165,prd_034,2,280.31,560.62
itm_000435,ord_00165,prd_006,2,245.86,491.72
itm_000436,ord_00166,prd_041,2,85.72,171.44
itm_000437,ord_00166,prd_040,3,443.22,1329.66
itm_000438,ord_00166,prd_006,3,245.86,737.58
itm_000439,ord_00167,prd_040,3,443.22,1329.66
itm_000440,ord_00167,prd_039,2,344.2,688.4
itm_000441,ord_00168,prd_003,3,227.12,681.36
itm_000442,ord_00169,prd_041,1,85.72,85.72
itm_000443,ord_00169,prd_032,3,416.37,1249.11
itm_000444,ord_00169,prd_035,2,46.86,93.72
itm_000445,ord_00169,prd_042,2,407.27,814.54
itm_000446,ord_00170,prd_030,1,109.75,109.75
itm_000447,ord_00170,prd_045,1,353.62,353.62
itm_000448,ord_00170,prd_011,2,293.79,587.58
itm_000449,ord_00170,prd_027,2,156.69,313.38
itm_000450,ord_00171,prd_046,2,240.63,481.26
itm_000451,ord_00171,prd_047,2,181.32,362.64
itm_000452,ord_00172,prd_016,2,446.23,892.46
itm_000453,ord_00173,prd_004,2,499.64,999.28
itm_000454,ord_00173,prd_025,3,276.17,828.51
itm_000455,ord_00174,prd_049,1,483.77,483.77
itm_000456,ord_00174,prd_032,3,416.37,1249.11
itm_000457,ord_00174,prd_030,2,109.75,219.5
itm_000458,ord_00175,prd_030,1,109.75,109.75
itm_000459,ord_00175,prd_014,3,49.24,147.72
itm_000460,ord_00175,prd_023,1,139.94,139.94
itm_000461,ord_00175,prd_004,2,499.64,999.28
itm_000462,ord_00176,prd_035,1,46.86,46.86
itm_000463,ord_00176,prd_007,2,195.69,391.38
itm_000464,ord_00176,prd_009,2,367.94,735.88
itm_000465,ord_00176,prd_047,2,181.32,362.64
itm_000466,ord_00177,prd_036,1,190.91,190.91
itm_000467,ord_00178,prd_025,3,276.17,828.51
itm_000468,ord_00178,prd_029,3,143.44,430.32
itm_000469,ord_00178,prd_018,3,266.15,798.45
itm_000470,ord_00179,prd_036,2,190.91,381.82
itm_000471,ord_00179,prd_049,1,483.77,483.77
itm_000472,ord_00179,prd_013,3,427.82,1283.46
itm_000473,ord_00180,prd_046,2,240.63,481.26
itm_000474,ord_00181,prd_040,2,443.22,886.44
itm_000475,ord_00181,prd_011,2,293.79,587.58
itm_000476,ord_00182,prd_037,2,30.49,60.98
itm_000477,ord_00182,prd_031,1,453.6,453.6
itm_000478,ord_00182,prd_024,2,129.69,259.38
itm_000479,ord_00182,prd_044,1,370.17,370.17
itm_000480,ord_00183,prd_045,3,353.62,1060.86
itm_000481,ord_00183,prd_002,3,146.48,439.44
itm_000482,ord_00183,prd_031,2,453.6,907.2
itm_000483,ord_00184,prd_004,3,499.64,1498.92
itm_000484,ord_00184,prd_031,1,453.6,453.6
itm_000485,ord_00185,prd_016,1,446.23,446.23
itm_000486,ord_00185,prd_037,3,30.49,91.47
itm_000487,ord_00186,prd_021,2,468.5,937.0
itm_000488,ord_00187,prd_050,3,205.83,617.49
itm_000489,ord_00187,prd_031,3,453.6,1360.8
itm_000490,ord_00187,prd_047,1,181.32,181.32
itm_000491,ord_00187,prd_046,1,240.63,240.63
itm_000492,ord_00188,prd_031,3,453.6,1360.8
itm_000493,ord_00188,prd_025,2,276.17,552.34
itm_000494,ord_00188,prd_012,2,38.0,76.0
itm_000495,ord_00189,prd_050,3,205.83,617.49
itm_000496,ord_00189,prd_044,3,370.17,1110.51
itm_000497,ord_00189,prd_045,2,353.62,707.24
itm_000498,ord_00190,prd_018,3,266.15,798.45
itm_000499,ord_00190,prd_020,1,326.29,326.29
itm_000500,ord_00191,prd_031,2,453.6,907.2
itm_000501,ord_00191,prd_036,3,190.91,572.73
itm_000502,ord_00191,prd_018,2,266.15,532.3
itm_000503,ord_00191,prd_008,3,394.7,1184.1
itm_000504,ord_00192,prd_019,3,163.94,491.82
itm_000505,ord_00192,prd_006,2,245.86,491.72
itm_000506,ord_00192,prd_029,3,143.44,430.32
itm_000507,ord_00193,prd_018,3,266.15,798.45
itm_000508,ord_00193,prd_045,2,353.62,707.24
itm_000509,ord_00194,prd_004,3,499.64,1498.92
itm_000510,ord_00194,prd_034,1,280.31,280.31
itm_000511,ord_00195,prd_031,1,453.6,453.6
itm_000512,ord_00195,prd_044,1,370.17,370.17
itm_000513,ord_00195,prd_001,3,103.19,309.57
itm_000514,ord_00196,prd_042,1,407.27,407.27
itm_000515,ord_00196,prd_049,2,483.77,967.54
itm_000516,ord_00196,prd_021,2,468.5,937.0
itm_000517,ord_00196,prd_042,1,407.27,407.27
itm_000518,ord_00197,prd_027,1,156.69,156.69
itm_000519,ord_00198,prd_019,1,163.94,163.94
itm_000520,ord_00198,prd_001,2,103.19,206.38
itm_000521,ord_00199,prd_019,2,163.94,327.88
itm_000522,ord_00200,prd_008,2,394.7,789.4
itm_000523,ord_00200,prd_011,3,293.79,881.37
itm_000524,ord_00200,prd_030,3,109.75,329.25
itm_000525,ord_00201,prd_037,3,30.49,91.47
itm_000526,ord_00201,prd_049,1,483.77,483.77
itm_000527,ord_00201,prd_012,3,38.0,114.0
itm_000528,ord_00202,prd_026,3,330.44,991.32
itm_000529,ord_00202,prd_007,1,195.69,195.69
itm_000530,ord_00202,prd_009,2,367.94,735.88
itm_000531,ord_00203,prd_029,2,143.44,286.88
itm_000532,ord_00203,prd_022,2,498.08,996.16
itm_000533,ord_00203,prd_038,3,486.37,1459.11
itm_000534,ord_00203,prd_037,1,30.49,30.49
itm_000535,ord_00204,prd_008,2,394.7,789.4
itm_000536,ord_00205,prd_033,3,74.09,222.27
itm_000537,ord_00205,prd_050,2,205.83,411.66
itm_000538,ord_00205,prd_045,1,353.62,353.62
itm_000539,ord_00205,prd_041,2,85.72,171.44
itm_000540,ord_00206,prd_031,1,453.6,453.6
itm_000541,ord_00206,prd_030,3,109.75,329.25
itm_000542,ord_00207,prd_043,1,462.99,462.99
itm_000543,ord_00207,prd_049,1,483.77,483.77
itm_000544,ord_00207,prd_044,3,370.17,1110.51
itm_000545,ord_00207,prd_006,3,245.86,737.58
itm_000546,ord_00208,prd_037,1,30.49,30.49
itm_000547,ord_00208,prd_004,3,499.64,1498.92
itm_000548,ord_00208,prd_033,1,74.09,74.09
itm_000549,ord_00209,prd_044,1,370.17,370.17
itm_000550,ord_00209,prd_046,3,240.63,721.89
itm_000551,ord_00209,prd_032,1,416.37,416.37
itm_000552,ord_00209,prd_033,2,74.09,148.18
itm_000553,ord_00210,prd_037,1,30.49,30.49
itm_000554,ord_00210,prd_036,2,190.91,381.82
itm_000555,ord_00210,prd_044,2,370.17,740.34
itm_000556,ord_00210,prd_047,1,181.32,181.32
itm_000557,ord_00211,prd_028,2,139.58,279.16
itm_000558,ord_00212,prd_019,2,163.94,327.88
itm_000559,ord_00212,prd_012,1,38.0,38.0
itm_000560,ord_00212,prd_050,3,205.83,617.49
itm_000561,ord_00212,prd_047,3,181.32,543.96
itm_000562,ord_00213,prd_006,3,245.86,737.58
itm_000563,ord_00213,prd_043,3,462.99,1388.97
itm_000564,ord_00213,prd_009,3,367.94,1103.82
itm_000565,ord_00213,prd_023,1,139.94,139.94
itm_000566,ord_00214,prd_015,1,340.84,340.84
itm_000567,ord_00214,prd_049,1,483.77,483.77
itm_000568,ord_00215,prd_025,1,276.17,276.17
itm_000569,ord_00215,prd_016,2,446.23,892.46
itm_000570,ord_00215,prd_023,1,139.94,139.94
itm_000571,ord_00215,prd_018,1,266.15,266.15
itm_000572,ord_00216,prd_027,3,156.69,470.07
itm_000573,ord_00217,prd_005,1,379.24,379.24
itm_000574,ord_00217,prd_039,1,344.2,344.2
itm_000575,ord_00218,prd_003,2,227.12,454.24
itm_000576,ord_00218,prd_029,1,143.44,143.44
itm_000577,ord_00219,prd_033,2,74.09,148.18
itm_000578,ord_00220,prd_039,3,344.2,1032.6
itm_000579,ord_00220,prd_021,1,468.5,468.5
itm_000580,ord_00220,prd_020,1,326.29,326.29
itm_000581,ord_00221,prd_020,2,326.29,652.58
itm_000582,ord_00221,prd_004,3,499.64,1498.92
itm_000583,ord_00222,prd_023,3,139.94,419.82
itm_000584,ord_00222,prd_043,2,462.99,925.98
itm_000585,ord_00222,prd_034,2,280.31,560.62
itm_000586,ord_00222,prd_045,2,353.62,707.24
itm_000587,ord_00223,prd_031,1,453.6,453.6
itm_000588,ord_00223,prd_015,2,340.84,681.68
itm_000589,ord_00224,prd_036,2,190.91,381.82
itm_000590,ord_00224,prd_027,3,156.69,470.07
itm_000591,ord_00224,prd_034,1,280.31,280.31
itm_000592,ord_00224,prd_025,1,276.17,276.17
itm_000593,ord_00225,prd_006,3,245.86,737.58
itm_000594,ord_00225,prd_047,1,181.32,181.32
itm_000595,ord_00225,prd_004,2,499.64,999.28
itm_000596,ord_00225,prd_025,3,276.17,828.51
itm_000597,ord_00226,prd_014,2,49.24,98.48
itm_000598,ord_00226,prd_020,1,326.29,326.29
itm_000599,ord_00227,prd_045,3,353.62,1060.86
itm_000600,ord_00227,prd_046,1,240.63,240.63
itm_000601,ord_00227,prd_026,1,330.44,330.44
itm_000602,ord_00227,prd_036,2,190.91,381.82
itm_000603,ord_00228,prd_017,2,313.49,626.98
itm_000604,ord_00228,prd_033,2,74.09,148.18
itm_000605,ord_00228,prd_030,1,109.75,109.75
itm_000606,ord_00229,prd_027,1,156.69,156.69
itm_000607,ord_00229,prd_037,1,30.49,30.49
itm_000608,ord_00229,prd_048,1,104.62,104.62
itm_000609,ord_00230,prd_010,1,85.84,85.84
itm_000610,ord_00230,prd_022,1,498.08,498.08
itm_000611,ord_00230,prd_025,3,276.17,828.51
itm_000612,ord_00230,prd_016,2,446.23,892.46
itm_000613,ord_00231,prd_011,3,293.79,881.37
itm_000614,ord_00231,prd_023,1,139.94,139.94
itm_000615,ord_00231,prd_009,3,367.94,1103.82
itm_000616,ord_00231,prd_035,2,46.86,93.72
itm_000617,ord_00232,prd_043,1,462.99,462.99
itm_000618,ord_00233,prd_010,1,85.84,85.84
itm_000619,ord_00234,prd_004,3,499.64,1498.92
itm_000620,ord_00234,prd_041,3,85.72,257.16
itm_000621,ord_00234,prd_040,2,443.22,886.44
itm_000622,ord_00234,prd_043,2,462.99,925.98
itm_000623,ord_00235,prd_002,3,146.48,439.44
itm_000624,ord_00235,prd_047,2,181.32,362.64
itm_000625,ord_00235,prd_035,2,46.86,93.72
itm_000626,ord_00235,prd_002,3,146.48,439.44
itm_000627,ord_00236,prd_010,1,85.84,85.84
itm_000628,ord_00237,prd_018,2,266.15,532.3
itm_000629,ord_00237,prd_006,2,245.86,491.72
itm_000630,ord_00237,prd_026,2,330.44,660.88
itm_000631,ord_00238,prd_042,1,407.27,407.27
itm_000632,ord_00239,prd_036,2,190.91,381.82
itm_000633,ord_00239,prd_004,3,499.64,1498.92
itm_000634,ord_00239,prd_001,3,103.19,309.57
itm_000635,ord_00239,prd_011,1,293.79,293.79
itm_000636,ord_00240,prd_003,1,227.12,227.12
itm_000637,ord_00241,prd_003,1,227.12,227.12
itm_000638,ord_00241,prd_044,2,370.17,740.34
itm_000639,ord_00241,prd_035,3,46.86,140.58
itm_000640,ord_00241,prd_043,1,462.99,462.99
itm_000641,ord_00242,prd_010,3,85.84,257.52
itm_000642,ord_00242,prd_026,1,330.44,330.44
itm_000643,ord_00243,prd_025,3,276.17,828.51
itm_000644,ord_00243,prd_035,2,46.86,93.72
itm_000645,ord_00244,prd_048,2,104.62,209.24
itm_000646,ord_00245,prd_005,2,379.24,758.48
itm_000647,ord_00245,prd_039,3,344.2,1032.6
itm_000648,ord_00245,prd_039,2,344.2,688.4
itm_000649,ord_00245,prd_050,2,205.83,411.66
itm_000650,ord_00246,prd_023,3,139.94,419.82
itm_000651,ord_00246,prd_025,2,276.17,552.34
itm_000652,ord_00246,prd_012,3,38.0,114.0
itm_000653,ord_00246,prd_038,3,486.37,1459.11
itm_000654,ord_00247,prd_005,1,379.24,379.24
itm_000655,ord_00247,prd_018,1,266.15,266.15
itm_000656,ord_00248,prd_024,1,129.69,129.69
itm_000657,ord_00248,prd_006,1,245.86,245.86
itm_000658,ord_00248,prd_020,2,326.29,652.58
itm_000659,ord_00248,prd_024,2,129.69,259.38
itm_000660,ord_00249,prd_036,3,190.91,572.73
itm_000661,ord_00249,prd_033,2,74.09,148.18
itm_000662,ord_00249,prd_007,1,195.69,195.69
itm_000663,ord_00249,prd_006,2,245.86,491.72
itm_000664,ord_00250,prd_019,2,163.94,327.88
itm_000665,ord_00250,prd_025,1,276.17,276.17
itm_000666,ord_00250,prd_047,3,181.32,543.96
itm_000667,ord_00250,prd_016,3,446.23,1338.69
itm_000668,ord_00251,prd_020,2,326.29,652.58
itm_000669,ord_00251,prd_032,1,416.37,416.37
itm_000670,ord_00252,prd_031,1,453.6,453.6
itm_000671,ord_00252,prd_024,2,129.69,259.38
itm_000672,ord_00252,prd_016,3,446.23,1338.69
itm_000673,ord_00252,prd_041,2,85.72,171.44
itm_000674,ord_00253,prd_026,2,330.44,660.88
itm_000675,ord_00253,prd_040,2,443.22,886.44
itm_000676,ord_00253,prd_022,2,498.08,996.16
itm_000677,ord_00254,prd_021,3,468.5,1405.5
itm_000678,ord_00254,prd_045,1,353.62,353.62
itm_000679,ord_00255,prd_048,3,104.62,313.86
itm_000680,ord_00255,prd_041,2,85.72,171.44
itm_000681,ord_00255,prd_037,1,30.49,30.49
itm_000682,ord_00256,prd_037,1,30.49,30.49
itm_000683,ord_00256,prd_038,3,486.37,1459.11
itm_000684,ord_00256,prd_012,3,38.0,114.0
itm_000685,ord_00257,prd_045,1,353.62,353.62
itm_000686,ord_00257,prd_027,3,156.69,470.07
itm_000687,ord_00257,prd_032,1,416.37,416.37
itm_000688,ord_00257,prd_041,2,85.72,171.44
itm_000689,ord_00258,prd_005,2,379.24,758.48
itm_000690,ord_00258,prd_039,2,344.2,688.4
itm_000691,ord_00258,prd_038,2,486.37,972.74
itm_000692,ord_00258,prd_035,3,46.86,140.58
itm_000693,ord_00259,prd_050,1,205.83,205.83
itm_000694,ord_00260,prd_028,1,139.58,139.58
itm_000695,ord_00260,prd_001,1,103.19,103.19
itm_000696,ord_00260,prd_017,1,313.49,313.49
itm_000697,ord_00260,prd_033,3,74.09,222.27
itm_000698,ord_00261,prd_038,3,486.37,1459.11
itm_000699,ord_00261,prd_033,1,74.09,74.09
itm_000700,ord_00261,prd_023,1,139.94,139.94
itm_000701,ord_00261,prd_031,1,453.6,453.6
itm_000702,ord_00262,prd_047,1,181.32,181.32
itm_000703,ord_00263,prd_031,2,453.6,907.2
itm_000704,ord_00263,prd_031,1,453.6,453.6
itm_000705,ord_00264,prd_020,1,326.29,326.29
itm_000706,ord_00264,prd_046,1,240.63,240.63
itm_000707,ord_00264,prd_002,2,146.48,292.96
itm_000708,ord_00265,prd_011,2,293.79,587.58
itm_000709,ord_00265,prd_036,2,190.91,381.82
itm_000710,ord_00266,prd_012,1,38.0,38.0
itm_000711,ord_00266,prd_041,3,85.72,257.16
itm_000712,ord_00266,prd_028,2,139.58,279.16
itm_000713,ord_00266,prd_002,3,146.48,439.44
itm_000714,ord_00267,prd_028,2,139.58,279.16
itm_000715,ord_00267,prd_001,3,103.19,309.57
itm_000716,ord_00267,prd_014,1,49.24,49.24
itm_000717,ord_00267,prd_018,3,266.15,798.45
itm_000718,ord_00268,prd_012,2,38.0,76.0
itm_000719,ord_00269,prd_017,3,313.49,940.47
itm_000720,ord_00269,prd_032,3,416.37,1249.11
itm_000721,ord_00269,prd_041,2,85.72,171.44
itm_000722,ord_00269,prd_039,2,344.2,688.4
itm_000723,ord_00270,prd_040,1,443.22,443.22
itm_000724,ord_00270,prd_044,3,370.17,1110.51
itm_000725,ord_00270,prd_020,3,326.29,978.87
itm_000726,ord_00271,prd_020,1,326.29,326.29
itm_000727,ord_00272,prd_039,1,344.2,344.2
itm_000728,ord_00272,prd_037,2,30.49,60.98
itm_000729,ord_00272,prd_028,1,139.58,139.58
itm_000730,ord_00272,prd_032,3,416.37,1249.11
itm_000731,ord_00273,prd_012,2,38.0,76.0
itm_000732,ord_00273,prd_029,3,143.44,430.32
itm_000733,ord_00273,prd_004,2,499.64,999.28
itm_000734,ord_00274,prd_033,3,74.09,222.27
itm_000735,ord_00274,prd_032,2,416.37,832.74
itm_000736,ord_00274,prd_044,2,370.17,740.34
itm_000737,ord_00274,prd_027,3,156.69,470.07
itm_000738,ord_00275,prd_037,1,30.49,30.49
itm_000739,ord_00275,prd_049,1,483.77,483.77
itm_000740,ord_00276,prd_050,2,205.83,411.66
itm_000741,ord_00276,prd_037,3,30.49,91.47
itm_000742,ord_00276,prd_050,2,205.83,411.66
itm_000743,ord_00277,prd_049,1,483.77,483.77
itm_000744,ord_00277,prd_049,3,483.77,1451.31
itm_000745,ord_00277,prd_029,3,143.44,430.32
itm_000746,ord_00278,prd_042,1,407.27,407.27
itm_000747,ord_00279,prd_023,1,139.94,139.94
itm_000748,ord_00279,prd_029,1,143.44,143.44
itm_000749,ord_00279,prd_050,1,205.83,205.83
itm_000750,ord_00279,prd_014,3,49.24,147.72
itm_000751,ord_00280,prd_009,1,367.94,367.94
itm_000752,ord_00280,prd_014,1,49.24,49.24
itm_000753,ord_00281,prd_035,1,46.86,46.86
itm_000754,ord_00281,prd_021,3,468.5,1405.5
itm_000755,ord_00281,prd_019,2,163.94,327.88
itm_000756,ord_00282,prd_049,2,483.77,967.54
itm_000757,ord_00283,prd_010,3,85.84,257.52
itm_000758,ord_00283,prd_021,1,468.5,468.5
itm_000759,ord_00284,prd_027,2,156.69,313.38
itm_000760,ord_00284,prd_029,1,143.44,143.44
itm_000761,ord_00284,prd_041,1,85.72,85.72
itm_000762,ord_00285,prd_024,2,129.69,259.38
itm_000763,ord_00285,prd_032,2,416.37,832.74
itm_000764,ord_00285,prd_038,1,486.37,486.37
itm_000765,ord_00286,prd_043,3,462.99,1388.97
itm_000766,ord_00286,prd_023,1,139.94,139.94
itm_000767,ord_00286,prd_035,2,46.86,93.72
itm_000768,ord_00286,prd_014,2,49.24,98.48
itm_000769,ord_00287,prd_019,2,163.94,327.88
itm_000770,ord_00287,prd_036,3,190.91,572.73
itm_000771,ord_00287,prd_009,3,367.94,1103.82
itm_000772,ord_00288,prd_041,2,85.72,171.44
itm_000773,ord_00289,prd_028,1,139.58,139.58
itm_000774,ord_00289,prd_045,1,353.62,353.62
itm_000775,ord_00289,prd_042,2,407.27,814.54
itm_000776,ord_00289,prd_011,2,293.79,587.58
itm_000777,ord_00290,prd_043,3,462.99,1388.97
itm_000778,ord_00291,prd_042,1,407.27,407.27
itm_000779,ord_00291,prd_046,1,240.63,240.63
itm_000780,ord_00292,prd_015,3,340.84,1022.52
itm_000781,ord_00292,prd_044,2,370.17,740.34
itm_000782,ord_00293,prd_028,3,139.58,418.74
itm_000783,ord_00293,prd_009,2,367.94,735.88
itm_000784,ord_00293,prd_005,1,379.24,379.24
itm_000785,ord_00294,prd_024,2,129.69,259.38
itm_000786,ord_00295,prd_034,3,280.31,840.93
itm_000787,ord_00295,prd_001,3,103.19,309.57
itm_000788,ord_00296,prd_040,3,443.22,1329.66
itm_000789,ord_00296,prd_029,1,143.44,143.44
itm_000790,ord_00297,prd_028,2,139.58,279.16
itm_000791,ord_00297,prd_009,1,367.94,367.94
itm_000792,ord_00297,prd_018,3,266.15,798.45
itm_000793,ord_00297,prd_006,1,245.86,245.86
itm_000794,ord_00298,prd_034,3,280.31,840.93
itm_000795,ord_00298,prd_033,1,74.09,74.09
itm_000796,ord_00298,prd_048,2,104.62,209.24
itm_000797,ord_00299,prd_008,1,394.7,394.7
itm_000798,ord_00299,prd_032,3,416.37,1249.11
itm_000799,ord_00299,prd_039,1,344.2,344.2
itm_000800,ord_00299,prd_034,1,280.31,280.31
itm_000801,ord_00300,prd_035,3,46.86,140.58
itm_000802,ord_00300,prd_012,2,38.0,76.0
itm_000803,ord_00300,prd_050,1,205.83,205.83
itm_000804,ord_00300,prd_002,3,146.48,439.44
