payment_id,order_id,amount,payment_method,payment_status,processed_at
pay_00001,ord_00002,2000.69,APPLE_PAY,SUCCESS,2026-09-09 04:57:07
pay_00002,ord_00004,4360.46,CREDIT_CARD,SUCCESS,2026-09-05 19:46:51
pay_00003,ord_00007,2561.9,BANK_TRANSFER,SUCCESS,2026-09-01 08:23:33
pay_00004,ord_00010,715.74,PAYPAL,SUCCESS,2026-09-02 09:24:50
pay_00005,ord_00011,2357.52,PAYPAL,SUCCESS,2026-09-10 01:52:16
pay_00006,ord_00012,3353.57,APPLE_PAY,SUCCESS,2026-09-13 03:02:53
pay_00007,ord_00015,92.71,BANK_TRANSFER,SUCCESS,2026-09-08 14:46:49
pay_00008,ord_00016,338.45,BANK_TRANSFER,SUCCESS,2026-09-06 05:00:31
pay_00009,ord_00017,3212.74,CREDIT_CARD,SUCCESS,2026-09-06 01:07:27
pay_00010,ord_00019,1613.78,BANK_TRANSFER,SUCCESS,2026-09-12 09:23:51
pay_00011,ord_00022,596.53,PAYPAL,SUCCESS,2026-09-05 11:24:34
pay_00012,ord_00023,2212.37,CREDIT_CARD,SUCCESS,2026-09-09 00:29:27
pay_00013,ord_00024,481.93,CREDIT_CARD,SUCCESS,2026-09-02 21:38:44
pay_00014,ord_00025,532.96,BANK_TRANSFER,SUCCESS,2026-09-06 18:26:49
pay_00015,ord_00027,2382.03,BANK_TRANSFER,SUCCESS,2026-09-05 01:36:50
pay_00016,ord_00028,1963.17,CREDIT_CARD,SUCCESS,2026-09-03 01:40:55
pay_00017,ord_00030,1383.89,PAYPAL,SUCCESS,2026-09-01 15:04:51
pay_00018,ord_00031,2539.84,BANK_TRANSFER,SUCCESS,2026-09-07 11:40:20
pay_00019,ord_00032,1574.33,APPLE_PAY,SUCCESS,2026-09-11 21:57:22
pay_00020,ord_00035,3534.57,APPLE_PAY,SUCCESS,2026-09-03 10:59:35
pay_00021,ord_00036,2178.64,APPLE_PAY,SUCCESS,2026-09-13 10:07:24
pay_00022,ord_00038,1139.31,APPLE_PAY,SUCCESS,2026-09-13 12:49:11
pay_00023,ord_00039,416.42,PAYPAL,SUCCESS,2026-09-08 01:57:22
pay_00024,ord_00041,1454.28,BANK_TRANSFER,SUCCESS,2026-09-07 19:27:36
pay_00025,ord_00042,278.12,APPLE_PAY,SUCCESS,2026-09-14 11:17:10
pay_00026,ord_00046,2901.96,APPLE_PAY,SUCCESS,2026-09-01 09:37:49
pay_00027,ord_00047,777.76,BANK_TRANSFER,SUCCESS,2026-09-02 23:02:12
pay_00028,ord_00048,632.32,APPLE_PAY,SUCCESS,2026-09-06 10:56:43
pay_00029,ord_00049,2380.19,APPLE_PAY,SUCCESS,2026-09-14 07:01:37
pay_00030,ord_00050,2680.48,CREDIT_CARD,SUCCESS,2026-09-12 13:50:19
pay_00031,ord_00053,2210.47,BANK_TRANSFER,SUCCESS,2026-09-12 00:51:49
pay_00032,ord_00055,2287.59,CREDIT_CARD,SUCCESS,2026-09-01 08:47:18
pay_00033,ord_00056,914.43,CREDIT_CARD,SUCCESS,2026-09-13 20:06:45
pay_00034,ord_00057,618.55,CREDIT_CARD,SUCCESS,2026-09-06 18:51:19
pay_00035,ord_00059,2149.82,BANK_TRANSFER,SUCCESS,2026-09-07 23:33:17
pay_00036,ord_00060,2188.66,APPLE_PAY,SUCCESS,2026-09-12 21:44:57
pay_00037,ord_00063,1680.91,BANK_TRANSFER,SUCCESS,2026-09-06 18:35:47
pay_00038,ord_00064,3299.41,BANK_TRANSFER,SUCCESS,2026-09-04 19:14:05
pay_00039,ord_00067,277.73,APPLE_PAY,SUCCESS,2026-09-02 03:46:19
pay_00040,ord_00068,2746.03,CREDIT_CARD,SUCCESS,2026-09-03 09:31:07
pay_00041,ord_00069,978.31,PAYPAL,SUCCESS,2026-09-02 14:48:15
pay_00042,ord_00073,2090.71,APPLE_PAY,SUCCESS,2026-09-05 20:57:06
pay_00043,ord_00074,2384.51,BANK_TRANSFER,SUCCESS,2026-09-10 08:19:58
pay_00044,ord_00075,2249.28,PAYPAL,SUCCESS,2026-09-06 13:50:45
pay_00045,ord_00076,1553.44,APPLE_PAY,SUCCESS,2026-09-02 05:41:25
pay_00046,ord_00077,1612.32,APPLE_PAY,SUCCESS,2026-09-10 19:05:58
pay_00047,ord_00078,2010.58,BANK_TRANSFER,SUCCESS,2026-09-07 04:30:59
pay_00048,ord_00079,222.89,CREDIT_CARD,SUCCESS,2026-09-09 15:55:34
pay_00049,ord_00082,245.29,APPLE_PAY,SUCCESS,2026-09-10 15:09:36
pay_00050,ord_00086,1054.23,APPLE_PAY,SUCCESS,2026-09-11 11:01:08
pay_00051,ord_00087,618.56,CREDIT_CARD,SUCCESS,2026-09-07 14:50:08
pay_00052,ord_00089,909.66,APPLE_PAY,SUCCESS,2026-09-14 16:24:59
pay_00053,ord_00090,1659.92,PAYPAL,SUCCESS,2026-09-04 07:09:42
pay_00054,ord_00091,765.59,CREDIT_CARD,SUCCESS,2026-09-01 16:47:52
pay_00055,ord_00092,1221.44,APPLE_PAY,SUCCESS,2026-09-12 04:15:34
pay_00056,ord_00093,713.75,CREDIT_CARD,SUCCESS,2026-09-02 01:10:36
pay_00057,ord_00094,1517.94,PAYPAL,SUCCESS,2026-09-11 10:24:09
pay_00058,ord_00095,1709.37,BANK_TRANSFER,SUCCESS,2026-09-07 14:21:11
pay_00059,ord_00096,493.37,BANK_TRANSFER,SUCCESS,2026-09-03 22:39:30
pay_00060,ord_00097,2473.2,BANK_TRANSFER,SUCCESS,2026-09-03 12:05:09
pay_00061,ord_00098,634.04,APPLE_PAY,SUCCESS,2026-09-03 06:47:56
pay_00062,ord_00100,2431.84,CREDIT_CARD,SUCCESS,2026-09-04 02:55:41
pay_00063,ord_00102,32.93,BANK_TRANSFER,SUCCESS,2026-09-09 16:54:59
pay_00064,ord_00104,1839.67,CREDIT_CARD,SUCCESS,2026-09-01 23:58:16
pay_00065,ord_00105,1470.02,BANK_TRANSFER,SUCCESS,2026-09-14 05:27:31
pay_00066,ord_00106,2575.12,CREDIT_CARD,SUCCESS,2026-09-09 02:20:08
pay_00067,ord_00111,1349.04,BANK_TRANSFER,SUCCESS,2026-09-08 19:21:16
pay_00068,ord_00113,3159.33,BANK_TRANSFER,SUCCESS,2026-09-02 07:16:23
pay_00069,ord_00114,951.88,BANK_TRANSFER,SUCCESS,2026-09-10 13:22:58
pay_00070,ord_00115,211.35,BANK_TRANSFER,SUCCESS,2026-09-09 13:47:42
pay_00071,ord_00116,1057.18,APPLE_PAY,SUCCESS,2026-09-13 06:19:19
pay_00072,ord_00118,893.26,PAYPAL,SUCCESS,2026-09-12 22:40:11
pay_00073,ord_00119,1939.15,CREDIT_CARD,SUCCESS,2026-09-07 03:57:16
pay_00074,ord_00121,1283.9,APPLE_PAY,SUCCESS,2026-09-08 12:49:55
pay_00075,ord_00122,80.02,APPLE_PAY,SUCCESS,2026-09-14 19:09:34
pay_00076,ord_00123,177.06,CREDIT_CARD,SUCCESS,2026-09-02 04:42:44
pay_00077,ord_00124,2593.43,APPLE_PAY,SUCCESS,2026-09-12 21:05:43
pay_00078,ord_00125,1768.69,CREDIT_CARD,SUCCESS,2026-09-12 17:58:37
pay_00079,ord_00126,519.76,BANK_TRANSFER,SUCCESS,2026-09-05 06:24:38
pay_00080,ord_00127,876.66,APPLE_PAY,SUCCESS,2026-09-15 05:12:48
pay_00081,ord_00128,1753.0,APPLE_PAY,SUCCESS,2026-09-02 12:45:51
pay_00082,ord_00129,1296.62,APPLE_PAY,SUCCESS,2026-09-15 01:19:24
pay_00083,ord_00132,1397.02,PAYPAL,SUCCESS,2026-09-10 23:24:19
pay_00084,ord_00133,634.04,CREDIT_CARD,SUCCESS,2026-09-04 20:47:47
pay_00085,ord_00134,2569.82,BANK_TRANSFER,SUCCESS,2026-09-04 07:44:28
pay_00086,ord_00136,1298.46,PAYPAL,SUCCESS,2026-09-09 17:03:56
pay_00087,ord_00137,1933.93,CREDIT_CARD,SUCCESS,2026-09-04 11:45:23
pay_00088,ord_00138,966.98,APPLE_PAY,SUCCESS,2026-09-04 23:43:06
pay_00089,ord_00140,1960.24,PAYPAL,SUCCESS,2026-09-08 23:16:53
pay_00090,ord_00142,2798.58,BANK_TRANSFER,SUCCESS,2026-09-13 08:24:09
pay_00091,ord_00144,551.33,PAYPAL,SUCCESS,2026-09-04 14:34:47
pay_00092,ord_00145,1354.44,BANK_TRANSFER,SUCCESS,2026-09-03 06:56:00
pay_00093,ord_00146,3597.05,CREDIT_CARD,SUCCESS,2026-09-02 07:56:54
pay_00094,ord_00147,2067.18,PAYPAL,SUCCESS,2026-09-08 21:45:58
pay_00095,ord_00149,1171.99,BANK_TRANSFER,SUCCESS,2026-09-02 08:05:21
pay_00096,ord_00150,1389.44,APPLE_PAY,SUCCESS,2026-09-05 16:32:32
pay_00097,ord_00151,1553.54,BANK_TRANSFER,SUCCESS,2026-09-11 08:19:10
pay_00098,ord_00153,2029.77,APPLE_PAY,SUCCESS,2026-09-08 01:37:33
pay_00099,ord_00154,1926.67,PAYPAL,SUCCESS,2026-09-09 08:42:06
pay_00100,ord_00155,3018.08,CREDIT_CARD,SUCCESS,2026-09-15 03:58:43
pay_00101,ord_00156,793.31,BANK_TRANSFER,SUCCESS,2026-09-11 13:53:25
pay_00102,ord_00157,556.68,BANK_TRANSFER,SUCCESS,2026-09-07 16:22:40
pay_00103,ord_00159,674.68,CREDIT_CARD,SUCCESS,2026-09-04 03:08:56
pay_00104,ord_00162,1504.02,BANK_TRANSFER,SUCCESS,2026-09-09 13:15:50
pay_00105,ord_00163,1577.36,APPLE_PAY,SUCCESS,2026-09-12 05:34:13
pay_00106,ord_00164,991.85,PAYPAL,SUCCESS,2026-09-13 21:15:24
pay_00107,ord_00166,2417.77,PAYPAL,SUCCESS,2026-09-13 20:59:42
pay_00108,ord_00168,735.87,APPLE_PAY,SUCCESS,2026-09-02 06:39:46
pay_00109,ord_00170,1473.48,BANK_TRANSFER,SUCCESS,2026-09-06 21:54:18
pay_00110,ord_00171,911.41,BANK_TRANSFER,SUCCESS,2026-09-15 03:29:13
pay_00111,ord_00172,963.86,CREDIT_CARD,SUCCESS,2026-09-09 18:31:22
pay_00112,ord_00173,1974.01,BANK_TRANSFER,SUCCESS,2026-09-06 23:33:20
pay_00113,ord_00174,2108.57,APPLE_PAY,SUCCESS,2026-09-08 18:59:36
pay_00114,ord_00176,1659.7,BANK_TRANSFER,SUCCESS,2026-09-14 22:29:28
pay_00115,ord_00178,2221.86,CREDIT_CARD,SUCCESS,2026-09-13 22:18:13
pay_00116,ord_00179,2320.97,BANK_TRANSFER,SUCCESS,2026-09-10 07:17:37
pay_00117,ord_00180,519.76,BANK_TRANSFER,SUCCESS,2026-09-02 08:54:38
pay_00118,ord_00181,1591.94,APPLE_PAY,SUCCESS,2026-09-04 17:30:42
pay_00119,ord_00186,1011.96,PAYPAL,SUCCESS,2026-09-05 16:21:31
pay_00120,ord_00190,1214.72,APPLE_PAY,SUCCESS,2026-09-12 08:35:54
pay_00121,ord_00191,3452.04,BANK_TRANSFER,SUCCESS,2026-09-06 01:22:30
pay_00122,ord_00192,1526.97,APPLE_PAY,SUCCESS,2026-09-04 16:09:52
pay_00123,ord_00194,1921.57,PAYPAL,SUCCESS,2026-09-03 19:49:08
pay_00124,ord_00196,2936.61,CREDIT_CARD,SUCCESS,2026-09-10 14:23:46
pay_00125,ord_00197,169.23,CREDIT_CARD,SUCCESS,2026-09-06 14:59:58
pay_00126,ord_00199,354.11,BANK_TRANSFER,SUCCESS,2026-09-15 01:21:13
pay_00127,ord_00200,2160.02,APPLE_PAY,SUCCESS,2026-09-11 23:46:50
pay_00128,ord_00201,744.38,BANK_TRANSFER,SUCCESS,2026-09-01 15:51:57
pay_00129,ord_00202,2076.72,APPLE_PAY,SUCCESS,2026-09-13 01:34:20
pay_00130,ord_00203,2994.45,APPLE_PAY,SUCCESS,2026-09-07 06:35:46
pay_00131,ord_00206,845.48,APPLE_PAY,SUCCESS,2026-09-06 08:46:31
pay_00132,ord_00208,1731.78,PAYPAL,SUCCESS,2026-09-13 08:37:15
pay_00133,ord_00209,1789.14,CREDIT_CARD,SUCCESS,2026-09-13 04:20:34
pay_00134,ord_00210,1440.69,BANK_TRANSFER,SUCCESS,2026-09-13 00:28:21
pay_00135,ord_00211,301.49,CREDIT_CARD,SUCCESS,2026-09-06 07:10:39
pay_00136,ord_00212,1649.52,BANK_TRANSFER,SUCCESS,2026-09-02 21:51:28
pay_00137,ord_00213,3639.93,PAYPAL,SUCCESS,2026-09-11 13:07:39
pay_00138,ord_00217,781.32,BANK_TRANSFER,SUCCESS,2026-09-01 16:42:43
pay_00139,ord_00219,160.03,PAYPAL,SUCCESS,2026-09-06 06:49:57
pay_00140,ord_00221,2323.62,PAYPAL,SUCCESS,2026-09-13 04:50:45
pay_00141,ord_00222,2822.75,BANK_TRANSFER,SUCCESS,2026-09-11 01:28:14
pay_00142,ord_00224,1521.04,APPLE_PAY,SUCCESS,2026-09-04 15:00:18
pay_00143,ord_00225,2966.43,CREDIT_CARD,SUCCESS,2026-09-03 03:21:00
pay_00144,ord_00226,458.75,PAYPAL,SUCCESS,2026-09-05 14:55:17
pay_00145,ord_00227,2174.85,APPLE_PAY,SUCCESS,2026-09-04 00:14:29
pay_00146,ord_00228,955.7,BANK_TRANSFER,SUCCESS,2026-09-13 11:36:53
pay_00147,ord_00229,315.14,CREDIT_CARD,SUCCESS,2026-09-05 23:06:21
pay_00148,ord_00230,2489.28,APPLE_PAY,SUCCESS,2026-09-14 15:07:21
pay_00149,ord_00231,2396.36,PAYPAL,SUCCESS,2026-09-12 11:01:39
pay_00150,ord_00232,500.03,CREDIT_CARD,SUCCESS,2026-09-02 16:14:31
pay_00151,ord_00234,3853.98,CREDIT_CARD,SUCCESS,2026-09-12 20:21:05
pay_00152,ord_00235,1442.06,BANK_TRANSFER,SUCCESS,2026-09-13 21:26:56
pay_00153,ord_00237,1819.69,PAYPAL,SUCCESS,2026-09-13 07:40:49
pay_00154,ord_00239,2682.83,BANK_TRANSFER,SUCCESS,2026-09-10 13:30:59
pay_00155,ord_00241,1696.71,PAYPAL,SUCCESS,2026-09-14 05:42:59
pay_00156,ord_00245,3122.43,CREDIT_CARD,SUCCESS,2026-09-03 13:30:45
pay_00157,ord_00246,2748.89,BANK_TRANSFER,SUCCESS,2026-09-11 14:13:10
pay_00158,ord_00248,1390.51,CREDIT_CARD,SUCCESS,2026-09-04 20:25:13
pay_00159,ord_00249,1520.99,CREDIT_CARD,SUCCESS,2026-09-05 14:30:43
pay_00160,ord_00250,2685.64,PAYPAL,SUCCESS,2026-09-08 17:20:48
pay_00161,ord_00251,1154.47,CREDIT_CARD,SUCCESS,2026-09-05 04:44:15
pay_00162,ord_00252,2400.96,PAYPAL,SUCCESS,2026-09-07 14:52:34
pay_00163,ord_00253,2746.96,APPLE_PAY,SUCCESS,2026-09-04 10:09:32
pay_00164,ord_00254,1899.85,BANK_TRANSFER,SUCCESS,2026-09-14 20:47:25
pay_00165,ord_00255,557.05,APPLE_PAY,SUCCESS,2026-09-10 09:39:29
pay_00166,ord_00256,1731.89,CREDIT_CARD,SUCCESS,2026-09-10 06:45:51
pay_00167,ord_00257,1524.42,PAYPAL,SUCCESS,2026-09-06 02:39:21
pay_00168,ord_00258,2765.02,BANK_TRANSFER,SUCCESS,2026-09-04 20:20:39
pay_00169,ord_00259,222.3,APPLE_PAY,SUCCESS,2026-09-09 12:31:15
pay_00170,ord_00260,840.81,PAYPAL,SUCCESS,2026-09-02 08:21:33
pay_00171,ord_00262,195.83,APPLE_PAY,SUCCESS,2026-09-10 19:20:24
pay_00172,ord_00264,928.67,CREDIT_CARD,SUCCESS,2026-09-11 15:15:48
pay_00173,ord_00269,3293.37,BANK_TRANSFER,SUCCESS,2026-09-05 19:47:42
pay_00174,ord_00270,2735.21,CREDIT_CARD,SUCCESS,2026-09-09 06:10:48
pay_00175,ord_00271,352.39,PAYPAL,SUCCESS,2026-09-08 11:12:28
pay_00176,ord_00272,1937.38,PAYPAL,SUCCESS,2026-09-04 13:22:40
pay_00177,ord_00273,1626.05,CREDIT_CARD,SUCCESS,2026-09-12 11:34:36
pay_00178,ord_00275,555.4,APPLE_PAY,SUCCESS,2026-09-12 11:03:07
pay_00179,ord_00276,987.97,CREDIT_CARD,SUCCESS,2026-09-06 10:57:41
pay_00180,ord_00279,687.88,APPLE_PAY,SUCCESS,2026-09-02 01:47:00
pay_00181,ord_00282,1044.94,CREDIT_CARD,SUCCESS,2026-09-07 10:10:22
pay_00182,ord_00283,784.1,BANK_TRANSFER,SUCCESS,2026-09-04 05:27:36
pay_00183,ord_00287,2164.78,BANK_TRANSFER,SUCCESS,2026-09-12 14:20:55
pay_00184,ord_00288,185.16,CREDIT_CARD,SUCCESS,2026-09-02 10:36:12
pay_00185,ord_00289,2046.95,CREDIT_CARD,SUCCESS,2026-09-11 09:10:46
pay_00186,ord_00290,1500.09,PAYPAL,SUCCESS,2026-09-07 00:54:08
pay_00187,ord_00291,699.73,CREDIT_CARD,SUCCESS,2026-09-08 07:00:18
pay_00188,ord_00293,1656.57,BANK_TRANSFER,SUCCESS,2026-09-01 12:34:10
pay_00189,ord_00294,280.13,PAYPAL,SUCCESS,2026-09-03 16:06:29
pay_00190,ord_00295,1242.54,PAYPAL,SUCCESS,2026-09-04 08:52:33
pay_00191,ord_00296,1590.95,CREDIT_CARD,SUCCESS,2026-09-06 04:31:11
pay_00192,ord_00297,1826.72,APPLE_PAY,SUCCESS,2026-09-04 03:25:54
pay_00193,ord_00298,1214.2,APPLE_PAY,SUCCESS,2026-09-01 22:48:46
pay_00194,ord_00299,2449.79,APPLE_PAY,SUCCESS,2026-09-06 18:52:25
pay_00195,ord_00300,930.8,CREDIT_CARD,SUCCESS,2026-09-10 03:25:05
