product_id,sku,category,price,cost,stock_quantity
prd_001,SKU-1001,Apparel,103.19,45.62,103
prd_002,SKU-1002,Books,146.48,97.02,48
prd_003,SKU-1003,Sports,227.12,97.52,343
prd_004,SKU-1004,Electronics,499.64,345.1,484
prd_005,SKU-1005,Books,379.24,170.62,258
prd_006,SKU-1006,Apparel,245.86,164.91,94
prd_007,SKU-1007,Apparel,195.69,93.85,411
prd_008,SKU-1008,Home & Kitchen,394.7,207.97,500
prd_009,SKU-1009,Sports,367.94,220.23,259
prd_010,SKU-1010,Home & Kitchen,85.84,39.94,39
prd_011,SKU-1011,Sports,293.79,122.89,170
prd_012,SKU-1012,Sports,38.0,20.64,480
prd_013,SKU-1013,Books,427.82,178.43,270
prd_014,SKU-1014,Books,49.24,20.71,44
prd_015,SKU-1015,Books,340.84,177.62,492
prd_016,SKU-1016,Books,446.23,255.99,30
prd_017,SKU-1017,Apparel,313.49,187.22,299
prd_018,SKU-1018,Home & Kitchen,266.15,122.77,376
prd_019,SKU-1019,Home & Kitchen,163.94,85.04,353
prd_020,SKU-1020,Apparel,326.29,161.47,394
prd_021,SKU-1021,Electronics,468.5,251.81,298
prd_022,SKU-1022,Electronics,498.08,279.57,269
prd_023,SKU-1023,Home & Kitchen,139.94,92.96,460
prd_024,SKU-1024,Home & Kitchen,129.69,58.01,436
prd_025,SKU-1025,Home & Kitchen,276.17,161.15,423
prd_026,SKU-1026,Electronics,330.44,198.38,293
prd_027,SKU-1027,Electronics,156.69,106.81,78
prd_028,SKU-1028,Electronics,139.58,86.92,89
prd_029,SKU-1029,Sports,143.44,66.44,185
prd_030,SKU-1030,Home & Kitchen,109.75,60.54,138
prd_031,SKU-1031,Electronics,453.6,194.0,226
prd_032,SKU-1032,Electronics,416.37,166.99,404
prd_033,SKU-1033,Home & Kitchen,74.09,33.23,236
prd_034,SKU-1034,Apparel,280.31,159.29,67
prd_035,SKU-1035,Books,46.86,26.41,437
prd_036,SKU-1036,Sports,190.91,84.85,75
prd_037,SKU-1037,Home & Kitchen,30.49,20.42,417
prd_038,SKU-1038,Electronics,486.37,325.71,117
prd_039,SKU-1039,Electronics,344.2,174.2,296
prd_040,SKU-1040,Apparel,443.22,306.78,393
prd_041,SKU-1041,Books,85.72,56.52,419
prd_042,SKU-1042,Apparel,407.27,165.94,387
prd_043,SKU-1043,Apparel,462.99,296.62,452
prd_044,SKU-1044,Books,370.17,177.7,413
prd_045,SKU-1045,Apparel,353.62,233.97,449
prd_046,SKU-1046,Books,240.63,155.2,245
prd_047,SKU-1047,Books,181.32,84.65,347
prd_048,SKU-1048,Home & Kitchen,104.62,50.59,45
prd_049,SKU-1049,Home & Kitchen,483.77,244.47,270
prd_050,SKU-1050,Sports,205.83,102.78,24
